<?xml version="1.0" encoding="UTF-8"?>
<!DOCTYPE configuration 
    PUBLIC "-//mybatis.org//DTD Config 3.0//EN" 
    "http://mybatis.org/dtd/mybatis-3-config.dtd">

<configuration>
    <!-- 공통 설정 -->
    <settings>
        <setting name="logImpl" value="STDOUT_LOGGING" />
        <setting name="jdbcTypeForNull" value="NULL" />
    </settings>

    <!-- DTO 클래스 별칭 등록: 전체 패키지 스캔 방식 적용 -->
    <typeAliases>
        <package name="com.todayhospital.dto" />
    </typeAliases>

    <!-- 환경 설정: DBMS 환경 기준 : mybatis.config.xml -->
    <environments default="development">
        <environment id="development">
            <transactionManager type="JDBC" />
            <dataSource type="POOLED">
                
                <!-- 환경 설정: 로컬 테스트용 "week" 계정 기준 세팅 -->
                <property name="driver" value="oracle.jdbc.OracleDriver" />
                <property name="url" value="jdbc:oracle:thin:@localhost:1521:xe" />
                <property name="username" value="week" />
                <property name="password" value="week" />
                
                <!-- 환경 설정: 로컬 네트워크 서버용 "팀계정" 계정 기준 세팅 -->
                <!-- (깃허브 퍼블릭 프로젝트 대처 외부 파일환경변수화) -->
                
                <!-- <property name="driver" value="${db.driver}" />
                <property name="url" value="${db.url}" />
                <property name="username" value="${db.user}" />
                <property name="password" value="${db.password}" /> -->
            </dataSource>
        </environment>
    </environments>

    <!-- 매퍼 파일 자동 인식: *.xml 패턴 허용 (추가시 수정 불필요) -->

    <mappers>
        <mapper resource="com/todayhospital/mappers/mybatis/MemberMapper.xml"/>
    </mappers>
</configuration>
