[
  {
    "title": "서버 점검 안내",
    "date": "2025-07-22",
    "content": "2025년 7월 22일 새벽 1시부터 3시까지 서버 점검이 예정되어 있습니다.",
    "category": "공지"
  },
  {
    "title": "신규 기능 출시",
    "date": "2025-07-20",
    "content": "빠른 병원 예약 기능이 새로 추가되었습니다. 지금 바로 확인해보세요!",
    "category": "업데이트"
  },
  {
    "title": "이벤트 안내",
    "date": "2025-07-18",
    "content": "앱 다운로드 후 첫 예약 시 스타벅스 쿠폰 증정 이벤트 중입니다.",
    "category": "이벤트"
  }
]
