번호,개방서비스명,개방서비스아이디,개방자치단체코드,관리번호,인허가일자,영업상태명,상세영업상태코드,상세영업상태명,소재지전화,소재지우편번호,소재지전체주소,도로명전체주소,도로명우편번호,사업장명,최종수정시점,데이터갱신구분,데이터갱신일자,업태구분명,좌표정보x(epsg5174),좌표정보y(epsg5174),의료기관종별명,의료인수,입원실수,병상수,총면적,진료과목내용,진료과목내용명,지정취소일자,완화의료지정형태,경도_X,위도_Y
1,병원,01_01_01_P,6300000,200463000002000000 ,2006-07-10,영업/정상,1,정상,424709000,,,"대전광역시 서구 대덕대로176번길 75,  (둔산동)층 (둔산동)",,대전대학교 대전한방병원,2025-06-30 09:47,U,2025-07-02 02:40,한방병원,233980.0617,316257.3029,,75,57,160,13753.44,,,,,127.379533037643,36.3462940178575
2,병원,01_01_01_P,6300000,201263000002000000 ,2012-06-08,영업/정상,1,정상,426347582,,,"대전광역시 동구 우암로 281,  (가양동)층 (가양동)",,의료법인 원전의료재단 가양요양병원,2025-06-20 13:06,U,2025-06-22 02:40,요양병원(일반요양병원),240048.7929,316259.2286,,22,25,149,2941.47,,,,,127.446884699455,36.3462574970873
3,병원,01_01_01_P,6300000,199763000002000000 ,1997-03-13,영업/정상,1,정상,422515105,,대전광역시 중구 중촌동  394번지 1호 부원빌딩 1호,"대전광역시 중구 대종로 645-0, 부원빌딩층 (중촌동,부원빌딩)",,의료법인 영훈의료재단 선치과병원,2025-06-13 13:13,U,2025-06-15 02:40,치과병원,237098.1477,315310.5702,,25,5,7,4650.31,,,,,127.414021446443,36.3378818472122
4,병원,01_01_01_P,6300000,199163000002000000 ,1991-04-22,영업/정상,1,정상,426705419,,,"대전광역시 대덕구 계족로 637,  (법동)층 (법동)",,근로복지공단 대전병원,2025-06-30 09:44,U,2025-07-02 02:40,종합병원,238383.2615,318721.2539,,236,89,281,22382.5,,,,,127.427893917601,36.3692226389729
5,병원,01_01_01_P,6300000,200663000002000000 ,2006-06-01,영업/정상,1,정상,428262882,,대전광역시 유성구 반석동  638번지 8호 8호,대전광역시 유성구 반석로 24 (반석동),,에이스마일치과병원,2022-10-12 14:17,I,2023-07-14 00:18,치과병원,227923.3556,321248.8281,치과의사,4,0,0,470.0,,,,,127.312043894802,36.3917259894832
6,병원,01_01_01_P,6300000,201663000002000000 ,2016-11-08,영업/정상,1,정상,422260101,,,"대전광역시 중구 대종로 437-0, 백세병원층 (대흥동)",,백세요양병원,2025-06-30 09:44,U,2025-07-02 02:40,요양병원(일반요양병원),238385.2675,313754.0904,의사,31,41,205,5603.08,,,,,127.428331276808,36.3238656180606
7,병원,01_01_01_P,6300000,201763000002000000 ,2017-04-27,영업/정상,1,정상,422832200,,,"대전광역시 동구 신기로 123-20,  (가오동)층 (가오동)",,새봄요양병원,2025-06-20 13:06,U,2025-06-22 02:40,요양병원(일반요양병원),241043.8249,312452.6884,한의사,31,42,206,3748.7,,,,,127.457772933153,36.3122026771046
8,병원,01_01_01_P,6300000,201763000002000000 ,2017-07-04,영업/정상,1,정상,427197533,,,"대전광역시 중구 태평로 83-0,  3층 (태평동,삼부스포렉스)층 (태평동)",,강남한방병원,2025-06-30 09:47,U,2025-07-02 02:40,한방병원,235289.3598,313785.6328,한의사,22,12,66,1571.47,,,,,127.3937481484,36.3241152130805
9,병원,01_01_01_P,6300000,201863000002000000 ,2018-04-01,영업/정상,1,정상,422225567,,,"대전광역시 중구 보문산공원로 473-0,  1~5층 (대사동)층 (대사동)",,중구의료소비자생활협동조합 보문산생태요양병원,2025-01-10 17:40,U,2025-01-12 02:40,요양병원(일반요양병원),237714.0041,312345.5078,,10,36,103,3477.06,,,,,127.420743023864,36.3111597272362
10,병원,01_01_01_P,6300000,201963000002000000 ,2019-05-13,영업/정상,1,정상,427106000,,대전광역시 서구 둔산동  1368번지 0호 건국타워 0호,"대전광역시 서구 대덕대로 244-0, 건국타워5층,9~11층층 (둔산동,건국타워)",,둔산엔젤요양병원,2024-12-20 09:54,U,2024-12-22 02:40,요양병원(일반요양병원),234034.7927,317142.6906,의사,15,23,76,2168.96,,,,,127.379966335149,36.354516313149
11,병원,01_01_01_P,6300000,201963000002000000 ,2019-07-19,영업/정상,1,정상,425241075,,"대전광역시 서구 탄방동  681번지 0호 3,4,5,6,7,8층 0동 0호","대전광역시 서구 문정로2번길 145-0, 0동 3,4,5,6,7,8층층 (탄방동,3,4,5,6,7,8층)",,꽃빛한방병원,2025-06-30 09:44,U,2025-07-02 02:40,한방병원,234772.5177,315858.2805,한의사,14,30,82,3577.58,,,,,127.38797443627,36.3427040222667
12,병원,01_01_01_P,6300000,202063000002000000 ,2020-04-01,영업/정상,1,정상,428267799,,,"대전광역시 유성구 도안대로 591-0, 401~5호,409호,508호층 (봉명동)",,유성한방병원,2024-12-09 09:05,U,2024-12-11 02:40,한방병원,230517.5634,316979.3954,한의사,21,17,52,1215.47,,,,,,
13,병원,01_01_01_P,6300000,202063000002000000 ,2020-05-26,영업/정상,1,정상,424866000,,,"대전광역시 서구 대덕대로 237-0,  2,3,4,5층 (둔산동)층 (둔산동)",,정한방병원,2024-08-30 09:17,U,2024-09-01 02:40,한방병원,233940.5276,317087.7963,한의사,18,24,90,2136.68,,,,,127.378919370702,36.3540232708993
14,병원,01_01_01_P,6300000,202063000002000000 ,2020-09-29,영업/정상,1,정상,425321000,,,"대전광역시 서구 계룡로 398-0,  3층 (갈마동,해상수산)층 (갈마동)",,보강한방병원,2025-05-07 09:08,U,2025-05-09 02:40,한방병원,233322.7056,316704.9417,한의사,11,13,39,1212.41,,,,,127.371871484938,36.3506851114481
15,병원,01_01_01_P,6300000,202063000002000000 ,2020-10-26,영업/정상,1,정상,425365000,,,"대전광역시 서구 계룡로 595-0,  5,6,7,8층 (탄방동,GOLDBANKgold)층 (탄방동)",,리치한방병원,2025-06-13 13:15,U,2025-06-15 02:40,한방병원,234905.9988,315723.2839,한의사,28,27,100,2885.59,,,,,,
16,병원,01_01_01_P,6300000,202163000002000000 ,2021-07-15,영업/정상,1,정상,424710001,,,"대전광역시 서구 둔산로123번길 21-0,  11,12층 (둔산동)층 (둔산동)",,굿모닝한방병원,2025-06-20 13:07,U,2025-06-22 02:40,한방병원,234687.9034,316894.987,한의사,19,22,90,2967.66,,,,,,
17,병원,01_01_01_P,6300000,202163000002000000 ,2021-10-14,영업/정상,1,정상,427100006,,,"대전광역시 유성구 계룡로 142-0,  2~3층 (봉명동)층 (봉명동)",,오늘한방병원,2025-06-13 13:13,U,2025-06-15 02:40,한방병원,230999.3729,316851.6993,한의사,20,22,58,1783.0,,,,,127.34614757653,36.3520089917937
18,병원,01_01_01_P,6300000,202363000002000000 ,2023-03-09,영업/정상,1,정상,425249901,,,"대전광역시 서구 도산로 397-0,  2층~5층 (탄방동,중경한방병원)층 (탄방동)",,중경한방병원,2025-05-21 10:46,U,2025-05-23 02:40,한방병원,,,한의사,18,18,71,1196.89,,,,,127.394001500435,36.3393541881242
19,병원,01_01_01_P,6300000,202363000002000000 ,2023-06-29,영업/정상,1,정상,425421075,,,"대전광역시 서구 계백로 993-0,  4,5층 (관저동,대전관저클리닉센터)층 (관저동)",,고래한방병원,2025-06-20 13:05,U,2025-06-22 02:40,한방병원,229963.2424,311295.4077,한의사,22,17,67,1897.64,,,,,127.334397034522,36.3019919157251
20,병원,01_01_01_P,6300000,201463000002000000 ,2014-09-24,영업/정상,1,정상,423682000,,,"대전광역시 동구 동부로 150,  (용운동)층 (용운동)",,대전동부요양병원,2025-06-13 13:13,U,2025-06-15 02:40,요양병원(일반요양병원),241858.6529,314130.8248,의사,27,40,257,8400.1,,,,,127.466899380783,36.3272077471411
21,병원,01_01_01_P,6300000,201363000002000000 ,2013-12-31,영업/정상,1,정상,422429900,,,"대전광역시 중구 인창로 35,  (문창동)층 (문창동)",,대전보람요양병원,2025-06-20 13:06,U,2025-06-22 02:40,요양병원(일반요양병원),238832.4562,313700.5856,의사,21,46,198,6284.12,,,,,127.433262251829,36.3233902286289
22,병원,01_01_01_P,6300000,201463000002000000 ,2014-03-03,영업/정상,1,정상,425338275,,,"대전광역시 서구 갈마로 45-0,  (갈마동)층 (갈마동)",,성심요양병원,2025-06-20 13:04,U,2025-06-22 02:40,요양병원(일반요양병원),233124.8153,316447.8678,의사,40,38,219,10917.81,,,,,127.369845095576,36.3483637543915
23,병원,01_01_01_P,6300000,200863000002000000 ,2008-11-20,영업/정상,1,정상,426247582,,,"대전광역시 대덕구 동서대로 1805,  (송촌동)층 (송촌동)",,홍제요양병원,2023-05-31 14:18,I,2023-07-14 00:18,요양병원(일반요양병원),239854.1879,317420.6888,의사,9,34,102,1569.0,,,,,127.444835107955,36.3567747091174
24,병원,01_01_01_P,6300000,201363000002000000 ,2013-01-18,영업/정상,1,정상,422749449,,,"대전광역시 동구 옥천로176번길 15-4,  (판암동)층 (판암동)",,대전그린의료소비자생활협동조합그린요양병원,2025-02-28 17:13,U,2025-03-02 02:40,요양병원(일반요양병원),241234.1126,312906.1127,,25,35,185,2500.0,,,,,127.459997872887,36.3160445981979
25,병원,01_01_01_P,6300000,201363000002000000 ,2013-02-28,영업/정상,1,정상,427197575,,,"대전광역시 서구 둔산중로 38-0, 둔산메트로존(9,10층)층 (둔산동)",,둔산요양병원,2025-03-21 16:28,U,2025-03-23 02:40,요양병원(일반요양병원),234687.8785,316640.0369,의사,21,28,151,2697.74,,,,,127.387245447251,36.3499633715866
26,병원,01_01_01_P,6300000,201363000002000000 ,2013-05-23,영업/정상,1,정상,428231785,,,"대전광역시 유성구 지족로364번길 19-0,  2층 (지족동)층 (지족동)",,벤조인요양병원,2025-05-21 10:47,U,2025-05-23 02:40,요양병원(일반요양병원),228457.0641,320632.8108,한의사,8,11,68,948.71,,,,,127.317963263089,36.386149072484
27,병원,01_01_01_P,6300000,200763000002000000 ,2007-08-27,영업/정상,1,정상,427171000,,,"대전광역시 대덕구 덕암로 225-0,  (덕암동)층 (덕암동)",,의료법인 원전의료재단보니파시오요양병원,2025-06-13 13:14,U,2025-06-15 02:40,요양병원(일반요양병원),237919.2715,326717.6723,,38,52,266,7984.29,,,,,127.423719632404,36.4406738826976
28,병원,01_01_01_P,6300000,199763000002000000 ,1997-10-31,영업/정상,1,정상,429390111,,,"대전광역시 대덕구 대청로82번길 147, 147층 (신탄진동)",,대전보훈병원,2025-06-26 17:51,U,2025-06-28 02:40,종합병원,239347.5422,327443.4947,,352,129,453,50249.4,,,,,127.439693956141,36.447316412604
29,병원,01_01_01_P,6300000,200963000002000000 ,2009-02-16,영업/정상,1,정상,425253800,,대전광역시 서구 괴정동  367번지 28호 나진요양병원 28호,"대전광역시 서구 갈마로 122-0, 나진요양병원층 (괴정동,나진요양병원)",,의료법인 정다운의료재단 나진요양병원,2025-05-21 10:47,U,2025-05-23 02:40,요양병원(일반요양병원),233272.2766,315744.0784,,23,51,265,4836.0,,,,,127.371272748247,36.3416635892605
30,병원,01_01_01_P,6300000,200963000002000000 ,2009-01-03,영업/정상,1,정상,425280001,,,"대전광역시 서구 신갈마로 126-0, 양녕요양병원층 (갈마동)",,의료법인 지덕사의료재단 양녕요양병원,2025-05-14 14:00,U,2025-05-16 02:40,요양병원(일반요양병원),233036.5832,316043.718,,35,37,206,4613.56,,,,,127.368792355303,36.3447486965996
31,병원,01_01_01_P,6300000,201263000002000000 ,2012-01-03,영업/정상,1,정상,425468275,,,"대전광역시 유성구 진잠로 164,  (원내동)층 (원내동)",,의료법인 나우리의료재단 나우리요양병원,2025-05-21 10:47,U,2025-05-23 02:40,요양병원(일반요양병원),228626.5101,311493.3089,,42,51,291,6565.64,,,,,127.31951757941,36.3037946911717
32,병원,01_01_01_P,6300000,201263000002000000 ,2012-09-11,영업/정상,1,정상,422859988,,,"대전광역시 동구 산내로1287번길 71-14,  (낭월동)층 (낭월동)",,명인요양병원,2025-06-20 13:06,U,2025-06-22 02:40,요양병원(일반요양병원),241691.8144,308670.7679,한의사,19,28,182,4178.91,,,,,127.464790260414,36.2778427917598
33,병원,01_01_01_P,6300000,201263000002000000 ,2012-01-20,영업/정상,1,정상,427172872,,대전광역시 대덕구 신탄진동  175번지 1호 1호,대전광역시 대덕구 신탄진로 782-0 (신탄진동),,이엘치과병원,2025-06-20 13:05,U,2025-06-22 02:40,치과병원,238478.156,327439.7532,치과의사,13,6,8,2072.0,,,,,127.429948613714,36.4471455453344
34,병원,01_01_01_P,6300000,201063000002000000 ,2010-05-11,영업/정상,1,정상,426119000,,,"대전광역시 유성구 온천동로 43-0, 본관4~9층/신관1층,4~9층층 (봉명동)",,의)밝은마음의료재단 유성한가족요양병원,2025-06-20 13:04,U,2025-06-22 02:40,요양병원(일반요양병원),231400.7198,317228.8421,,70,68,277,8888.5,,,,,,
35,병원,01_01_01_P,6300000,201063000002000000 ,2010-05-19,영업/정상,1,정상,428209999,,,"대전광역시 유성구 송림로 58-0,  (하기동)층 (하기동)",,의료법인고운손의료재단고운마음요양병원,2025-06-20 13:04,U,2025-06-22 02:40,요양병원(일반요양병원),229017.4207,320705.2269,,28,45,232,4299.78,,,,,127.324213913348,36.3867772387333
36,병원,01_01_01_P,6300000,201063000002000000 ,2010-07-27,영업/정상,1,정상,422729633,,,"대전광역시 동구 산내로 300,  (하소동)층 (하소동)",,대전광역시립제2노인전문병원,2025-04-07 16:31,U,2025-04-09 02:40,요양병원(일반요양병원),239520.9714,301424.5499,,15,37,170,5051.5,,,,,127.440465773118,36.2125587514692
37,병원,01_01_01_P,6300000,201063000002000000 ,2010-10-13,영업/정상,1,정상,426287535,,,"대전광역시 동구 우암로 234,  (가양동)층 (가양동)",,다솜요양병원,2024-10-06 16:39,U,2024-10-08 02:40,요양병원(일반요양병원),239658.745,315951.2602,의사,15,30,184,3579.79,,,,,127.442568049867,36.3435604881299
38,병원,01_01_01_P,6300000,201163000002000000 ,2011-02-16,영업/정상,1,정상,425221001,,대전광역시 유성구 덕명동  171번지 6호 6호,대전광역시 유성구 학하서로 99-0 (덕명동),,큰우리요양병원,2025-06-20 13:06,U,2025-06-22 02:40,요양병원(일반요양병원),226752.4993,316221.7845,의사,1,24,146,1613.55,,,,,127.298710993507,36.3463827904226
39,병원,01_01_01_P,6300000,201063000002000000 ,2010-04-06,영업/정상,1,정상,4215770007,,,"대전광역시 서구 문정로48번길 58-0,  (탄방동)층 (탄방동)",,대전자생한방병원,2025-06-13 13:12,U,2025-06-15 02:40,한방병원,234417.986,315974.3868,,77,29,96,5918.13,,,,,127.384198438735,36.3439715593271
40,병원,01_01_01_P,6300000,200863000002000000 ,2008-08-05,영업/정상,1,정상,426715300,,대전광역시 유성구 용산동  567번지 0호 해성빌딩 0호,"대전광역시 유성구 테크노7로 31, 해성빌딩층 (용산동,해성빌딩)",,테크노요양병원,2025-05-14 14:00,U,2025-05-16 02:40,요양병원(일반요양병원),235869.2023,324924.4159,의사,15,25,138,2322.0,,,,,127.400794696932,36.4245746694839
41,병원,01_01_01_P,6300000,200663000002000000 ,2006-04-14,영업/정상,1,정상,422561177,,,"대전광역시 중구 대종로 400,  (대흥동)층 (대흥동)",,의료법인 산수의료재단 웰시티요양병원,2025-06-04 09:39,U,2025-06-06 02:40,요양병원(일반요양병원),238608.7852,313427.3139,,45,77,343,6069.32,,,,,127.430744945642,36.320837819577
42,병원,01_01_01_P,6300000,197863000002000000 ,1978-01-24,영업/정상,1,정상,426725123,,대전광역시 동구 삼성동  114번지 2호 대전삼성한방병원 2호,"대전광역시 동구 대전로815번길 131, 대전삼성한방병원층 (삼성동,대전삼성한방병원)",,의료법인 선인의료재단  삼성한방병원,2025-06-20 13:05,U,2025-06-22 02:40,한방병원,238357.6309,315221.9812,,4,15,55,1155.42,,,,,127.427960764927,36.3368992173608
43,병원,01_01_01_P,6300000,200663000002000000 ,2006-10-16,영업/정상,1,정상,422528275,,,"대전광역시 중구 대종로 599,  (선화동)층 (선화동)",,의료법인 세명의료재단 세명요양병원,2025-05-07 09:07,U,2025-05-09 02:40,요양병원(일반요양병원),237414.8032,315001.2635,,26,46,225,3668.04,,,,,127.41756453019,36.3350682154599
44,병원,01_01_01_P,6300000,200663000002000000 ,2006-11-09,영업/정상,1,정상,425359999,,,"대전광역시 동구 대전로 742-0,  2~4층 (원동,대전원동건축자재판매시설)층 (원동)",,의료법인고려의료재단 원동요양병원,2025-06-20 13:06,U,2025-06-22 02:40,요양병원(일반요양병원),239058.2531,314037.0491,,40,38,209,3087.72,,,,,127.435797446877,36.3263056019551
45,병원,01_01_01_P,6300000,200663000002000000 ,2006-11-22,영업/정상,1,정상,428262772,,,"대전광역시 유성구 한밭대로492번길 26-30,  (봉명동)층 (봉명동)",,대전연세요양병원,2025-06-20 13:06,U,2025-06-22 02:40,요양병원(일반요양병원),231422.426,317610.8846,한의사,26,35,205,3981.26,,,,,127.350888161025,36.3587939908248
46,병원,01_01_01_P,6300000,200263000002000000 ,2002-02-18,영업/정상,1,정상,422746700,,,"대전광역시 동구 산내로560번길 18-11,  (상소동)층 (상소동)",,사회복지법인 금성복지재단 보광노인전문병원,2025-06-30 09:45,U,2025-07-02 02:40,요양병원(일반요양병원),240661.0219,302981.5177,,16,45,162,3206.85,,,,,127.453018394168,36.2270565922506
47,병원,01_01_01_P,6300000,200263000002000000 ,2012-09-13,영업/정상,1,정상,422509100,,,"대전광역시 중구 대전천서로 745, (중촌동)층 (중촌동)",,평화요양병원,2025-06-13 13:14,U,2025-06-15 02:40,요양병원(일반요양병원),236579.7917,316327.3819,의사,27,37,198,5565.0,,,,,127.408482021904,36.3473530653174
48,병원,01_01_01_P,6300000,201563000002000000 ,2015-02-26,영업/정상,1,정상,4218996075,,,"대전광역시 서구 계백로 1322, (정림동)층 (정림동)",,대청병원,2025-06-20 13:05,U,2025-06-22 02:40,종합병원,233179.1293,312030.0678,,210,57,302,23531.0,,,,,127.370510687283,36.3082267126412
49,병원,01_01_01_P,6300000,200463000002000000 ,2004-07-02,영업/정상,1,정상,422535800,,,"대전광역시 중구 보문산로 359, (문화동)층 (문화동)",,시민요양병원,2025-03-21 16:29,U,2025-03-23 02:40,요양병원(일반요양병원),237257.3031,312675.5439,의사,21,28,153,4724.47,,,,,127.415765303897,36.3141303077573
50,병원,01_01_01_P,6300000,200563000002000000 ,2005-01-27,영업/정상,1,정상,423650101,,,"대전광역시 유성구 도안대로567번길 26-0,  0동 (봉명동)층 (봉명동)",,의료법인비에스의료재단 브레인요양병원,2025-06-13 13:13,U,2025-06-15 02:40,요양병원(일반요양병원),230331.8814,316799.6787,,49,52,260,6749.18,,,,,127.338686334083,36.3515605892368
51,병원,01_01_01_P,6300000,199863000002000000 ,1998-01-21,영업/정상,1,정상,428784256,,,"대전광역시 유성구 자운로 90,  (자운동)층 (자운동)",,국군대전치과병원,2025-05-14 14:00,U,2025-05-16 02:40,치과병원,231289.82,322098.7822,,12,4,17,1115.69,,,,,,
52,병원,01_01_01_P,6300000,201663000002000000 ,2016-02-29,영업/정상,1,정상,422730900,,,"대전광역시 동구 산서로1660번길 142,  (대별동)층 (대별동)",,남대전요양병원,2025-06-30 09:44,U,2025-07-02 02:40,요양병원(일반요양병원),241483.358,309265.0815,의사,26,31,202,3537.06,,,,,127.463003153215,36.2834839174361
53,병원,01_01_01_P,6300000,201663000002000000 ,2016-06-30,영업/정상,1,정상,426222275,,,"대전광역시 동구 동서대로 1641, 6,7층 (용전동)층 (용전동)",,서울치과병원,2025-01-17 11:23,U,2025-01-19 02:40,치과병원,238757.1248,316445.2482,치과의사,4,0,0,1000.9,,,,,,
54,병원,01_01_01_P,6300000,201663000002000000 ,2016-09-12,영업/정상,1,정상,422599988,,,"대전광역시 중구 목중로 9, 대전튼튼요양병원층 (목동)",,튼튼요양병원,2025-06-20 13:06,U,2025-06-22 02:40,요양병원(일반요양병원),236911.3894,314974.1922,의사,61,56,289,9714.58,,,,,127.41177068158,36.3348140896312
55,병원,01_01_01_P,6300000,202463000002000000 ,2024-07-09,영업/정상,1,정상,427210777,,대전광역시 서구 관저동  1733번지 0호 대전관저클리닉센터 0호,"대전광역시 서구 계백로 993-0, 대전관저클리닉센터층 (관저동,대전관저클리닉센터)",,이김병원,2025-06-13 13:10,U,2025-06-15 02:40,병원,229963.2424,311295.4077,의사,37,22,79,2846.47,,,,,127.334397034522,36.3019919157251
56,병원,01_01_01_P,6300000,202463000002000000 ,2024-01-15,영업/정상,1,정상,425440025,,대전광역시 서구 관저동  1761번지 0호 2층~7층 0동 0호,"대전광역시 서구 계백로 1013-0, 0동 2층~7층층 (관저동,2층~7층)",,더젠병원,2025-06-22 18:38,U,2025-06-24 02:40,병원,,,의사,116,47,166,6589.29,,,,,127.336524012098,36.3020004568907
57,병원,01_01_01_P,6300000,201363000002000000 ,2013-03-21,영업/정상,1,정상,427128500,,,"대전광역시 대덕구 동서대로1777번길 2-0, 대전웰니스병원층 (송촌동)",,대전웰니스병원,2025-06-20 13:07,U,2025-06-22 02:40,병원,239729.3203,317207.7031,의사,113,78,313,13490.83,,,,,127.443533635282,36.3547406455464
58,병원,01_01_01_P,6300000,202363000002000000 ,2023-04-21,영업/정상,1,정상,422704792,,대전광역시 서구 관저동  567번지 10호 대전세종충남넥슨후원공공어린이재활병원 10호,"대전광역시 서구 도안중로 133-0, 대전세종충남넥슨후원공공어린이재활병원층 (관저동,대전세종충남넥슨후원공공어린이재활병원)",,대전세종충남·넥슨후원 공공어린이재활병원,2025-06-13 13:13,U,2025-06-15 02:40,병원,,,,23,18,67,157000.0,,,,,127.334206780772,36.3085193565515
59,병원,01_01_01_P,6300000,198063000002000000 ,1980-02-01,영업/정상,1,정상,426208114,,,"대전광역시 대덕구 대화1길 2,  (대화동)층 (대화동)",,사회복지법인천성원 대전한일병원,2024-07-22 10:31,U,2024-07-24 02:40,정신병원,237008.995,318495.9734,,18,35,183,3883.8,,,,,127.412743683547,36.3658976285645
60,병원,01_01_01_P,6300000,199363000002000000 ,1993-09-01,영업/정상,1,정상,422205500,,대전광역시 중구 대흥동  153번지 5호 천우빌딩 5호,"대전광역시 중구 대종로 468-0, 천우빌딩층 (대흥동,천우빌딩)",,이안과병원,2025-06-13 13:09,U,2025-06-15 02:40,병원,238327.292,314031.3314,,11,11,32,2898.39,,,,,127.427635278345,36.3263385972602
61,병원,01_01_01_P,6300000,201463000002000000 ,2014-04-10,영업/정상,1,정상,424717575,,,"대전광역시 서구 대덕대로 238, 238층 (둔산동)",,킴벨피부과병원,2025-03-21 16:28,U,2025-03-23 02:40,병원,234034.877,317098.2499,의사,7,7,31,1003.77,,,,,127.37993093869,36.3541101762874
62,병원,01_01_01_P,6300000,201463000002000000 ,2014-07-01,영업/정상,1,정상,422202300,,,"대전광역시 동구 계족로 516,  (용전동)층 (용전동)",,글로벌튼튼병원,2025-06-30 09:45,U,2025-07-02 02:40,병원,238809.9102,317535.0885,의사,76,42,136,6226.89,,,,,127.433204658778,36.3578409027445
63,병원,01_01_01_P,6300000,200863000002000000 ,2008-05-07,영업/정상,1,정상,424727445,,,"대전광역시 서구 둔산서로 59, (8층)층 (둔산동)",,고운손병원,2025-05-21 10:47,U,2025-05-23 02:40,병원,234268.8922,316847.6625,의사,4,15,54,1409.0,,,,,127.382560675991,36.3518420007589
64,병원,01_01_01_P,6300000,200463000002000000 ,2004-05-31,영업/정상,1,정상,425287588,,,"대전광역시 서구 계룡로 618,  (괴정동)층 (괴정동)",,허리사랑병원,2025-05-07 09:08,U,2025-05-09 02:40,병원,235012.8912,315492.5928,의사,33,22,79,2416.42,,,,,127.390899297621,36.3397002435694
65,병원,01_01_01_P,6300000,199463000002000000 ,1994-06-16,영업/정상,1,정상,428239101,,,"대전광역시 유성구 진잠옛로135번길 87,  (학하동)층 (학하동)",,대전광역시온마음병원,2025-06-20 13:06,U,2025-06-22 02:40,정신병원,227435.9441,314585.0458,,17,32,175,5709.66,,,,,127.306455674331,36.3319827109731
66,병원,01_01_01_P,6300000,199763000002000000 ,1997-11-10,영업/정상,1,정상,425829700,,,"대전광역시 서구 삼보실길 123-0,  (장안동)층 (장안동)",,사회복지법인한마음 한마음정신병원,2025-06-13 13:13,U,2025-06-15 02:40,정신병원,229975.7285,302696.3543,,11,50,223,4504.2,,,,,127.334602692132,36.2239914091706
67,병원,01_01_01_P,6300000,201263000002000000 ,2012-04-02,영업/정상,1,정상,424810100,,,"대전광역시 서구 청사로 234-0,  (둔산동)층 (둔산동)",,대전센텀병원,2025-06-13 13:13,U,2025-06-15 02:40,병원,234902.9496,317691.4542,의사,105,56,213,6706.23,,,,,127.389834474705,36.3595087497148
68,병원,01_01_01_P,6300000,201263000002000000 ,2012-11-16,영업/정상,1,정상,424857777,,대전광역시 서구 탄방동  642번지,대전광역시 서구 문정로48번길 70 (탄방동),,더블유여성병원,2025-06-20 13:07,U,2025-06-22 02:40,병원,234407.5948,315934.7871,의사,15,32,53,2789.0,산부인과,산부인과,,,127.384045353987,36.3436480786714
69,병원,01_01_01_P,6300000,201263000002000000 ,2012-11-21,영업/정상,1,정상,4218993275,,,"대전광역시 유성구 원신흥남로12번길 8-10,  2~7층 (원신흥동,MBL빌딩)층 (원신흥동)",,엠블병원,2025-03-21 16:26,U,2025-03-23 02:40,병원,230315.7639,314736.3281,의사,41,42,66,3035.08,,,,,127.338445563895,36.3329424951252
70,병원,01_01_01_P,6300000,198963000002000000 ,1989-12-29,영업/정상,1,정상,426250700,,대전광역시 대덕구 오정동  10번지 102호 대전병원 102호,"대전광역시 대덕구 대전로 1215-0, 대전병원층 (오정동,대전병원)",,의료법인 의명의료재단 대전병원,2025-06-13 13:13,U,2025-06-15 02:40,병원,237431.0319,318064.0221,,18,40,125,3324.53,,,,,127.417775591374,36.3625705864417
71,병원,01_01_01_P,6300000,200963000002000000 ,2009-03-24,영업/정상,1,정상,425351900,,"대전광역시 중구 오류동  175번지 8호 새손병원(B1,2,3,4,5,6층) 0동 8호","대전광역시 중구 계룡로 858-0, 0동 새손병원(B1,2,3,4,5,6)층 (오류동,새손병원(B1,2,3,4,5,6층))",,새손병원,2025-06-13 13:12,U,2025-06-15 02:40,병원,236729.8649,313791.2401,의사,33,51,139,4367.48,,,,,127.409791681538,36.3242693688709
72,병원,01_01_01_P,6300000,200963000002000000 ,2009-10-16,영업/정상,1,정상,426207575,,,"대전광역시 동구 동대전로 39-0, 대전화병원층 (신안동)",,대전화병원,2025-06-20 13:06,U,2025-06-22 02:40,병원,239341.185,314300.7671,의사,77,23,82,4799.74,,,,,127.43908499232,36.3292113991822
73,병원,01_01_01_P,6300000,200963000002000000 ,2009-12-04,영업/정상,1,정상,424898888,,대전광역시 유성구 봉명동  1017번지 2호 2호,대전광역시 유성구 계룡로 142-0 (봉명동),,바로세움병원,2025-06-30 09:47,U,2025-07-02 02:40,병원,230999.3729,316851.6993,의사,56,31,106,5331.21,,,,,127.34614757653,36.3520089917937
74,병원,01_01_01_P,6300000,200863000002000000 ,2008-09-12,영업/정상,1,정상,428201234,,,"대전광역시 유성구 온천북로33번길 21-32,  (봉명동)층 (봉명동)",,사회복지법인 성재원 성세병원,2024-12-09 09:07,U,2024-12-11 02:40,병원,230917.6671,317487.5689,,5,24,84,3299.19,,,,,127.345256079217,36.3577297987891
75,병원,01_01_01_P,6300000,200863000002000000 ,2008-02-18,영업/정상,1,정상,424888275,,대전광역시 서구 둔산동  1143번지,대전광역시 서구 문정로 7 (둔산동),,서울여성병원,2025-06-13 13:10,U,2025-06-15 02:40,병원,234097.2202,316137.3976,의사,28,49,82,3798.0,"내과,소아청소년과,산부인과,마취통증과","내과,소아청소년과,산부인과,마취통증과",,,127.380597487901,36.3454334341989
76,병원,01_01_01_P,6300000,200663000002000000 ,2006-10-30,영업/정상,1,정상,422220122,,,"대전광역시 중구 보문로 254,  (대흥동)층 (대흥동)",,참다남병원,2025-05-07 09:10,U,2025-05-09 02:40,정신병원,237868.4577,313912.3799,의사,12,22,98,1369.0,,,,,127.422622031635,36.3252931291153
77,병원,01_01_01_P,6300000,200663000002000000 ,2006-11-01,영업/정상,1,정상,424833575,,,"대전광역시 서구 문정로2번길 95,  (탄방동)층 (탄방동)",,미즈여성병원,2024-12-09 09:05,U,2024-12-11 02:40,병원,234536.1981,315901.8341,의사,14,46,60,3373.0,,,,,127.385472873427,36.3432876984032
78,병원,01_01_01_P,6300000,199563000002000000 ,1995-12-12,영업/정상,1,정상,425360911,,,"대전광역시 서구 계룡로 619,  (탄방동)층 (탄방동)",,연합정형외과병원,2025-06-30 09:45,U,2025-07-02 02:40,병원,235089.6722,315544.37,의사,38,32,103,3778.0,,,,,127.391649343868,36.3400699736945
79,병원,01_01_01_P,6300000,199663000002000000 ,1996-08-27,영업/정상,1,정상,429300300,,대전광역시 대덕구 상서동  833번지 6호 신탄진한일병원 6호,"대전광역시 대덕구 신탄진로 623, 신탄진한일병원층 (상서동,신탄진한일병원)",,사회복지법인천성원신탄진한일병원,2025-05-23 14:51,U,2025-05-25 02:40,병원,237950.7906,325979.9802,,32,59,217,7081.36,,,,,127.424126578139,36.4340880188345
80,병원,01_01_01_P,6300000,199963000002000000 ,1999-03-13,영업/정상,1,정상,422728882,,,"대전광역시 동구 옥천로 315-0,  (삼정동)층 (삼정동)",,사회복지법인 성신원 동대전정신병원,2024-12-20 09:54,U,2024-12-22 02:40,정신병원,242199.205,313690.4819,,11,23,123,2081.01,,,,,127.470119763617,36.3234816498521
81,병원,01_01_01_P,6300000,200163000002000000 ,2001-10-18,영업/정상,1,정상,424769000,,,"대전광역시 서구 둔산북로 36-0,  3,4,5층 (둔산동)층 (둔산동)",,에스앤케이병원,2025-05-14 13:59,U,2025-05-16 02:40,병원,233890.4117,317246.1414,의사,70,42,184,4482.76,,,,,,
82,병원,01_01_01_P,6300000,201663000002000000 ,2016-04-25,영업/정상,1,정상,425228275,,,"대전광역시 유성구 계룡로 81,  (봉명동)층 (봉명동)",,비엔피병원,2023-06-30 14:08,U,2023-07-02 02:40,병원,230441.0267,317136.1355,의사,14,10,46,2009.64,,,,,127.339903593635,36.3544922624232
83,병원,01_01_01_P,6300000,201663000002000000 ,2016-06-30,영업/정상,1,정상,428290000,,,"대전광역시 유성구 계룡로 150,  6~7층 (봉명동,승호빌딩)층 (봉명동)",,코젤병원,2024-08-09 16:53,U,2024-08-11 02:40,병원,231065.7678,316829.1409,의사,28,32,60,1863.0,,,,,,
84,병원,01_01_01_P,6300000,201763000002000000 ,2017-04-27,영업/정상,1,정상,427161221,,,"대전광역시 동구 동서대로 1641-0, 아남빌딩2,8~10층층 (용전동)",,누리엘병원,2025-05-07 09:11,U,2025-05-09 02:40,병원,238757.1248,316445.2482,의사,19,22,39,1599.8,,,,,127.432704599188,36.3480916642919
85,병원,01_01_01_P,6300000,201763000002000000 ,2017-04-28,영업/정상,1,정상,423370001,,,"대전광역시 서구 청사로 128,  (월평동)층 (월평동)",,바른생각병원,2025-05-14 13:59,U,2025-05-16 02:40,병원,233843.0861,317690.6945,의사,56,35,120,4833.8,,,,,127.377867625055,36.3594532915535
86,병원,01_01_01_P,6300000,201763000002000000 ,2017-10-23,영업/정상,1,정상,428210000,,대전광역시 유성구 봉명동  1016번지 6호 6호,대전광역시 유성구 계룡로 126-0 (봉명동),,미즈제일여성병원,2025-06-20 13:05,U,2025-06-22 02:40,병원,230824.5804,316909.7378,의사,23,43,65,4467.3,,,,,127.344192849011,36.3525156017865
87,병원,01_01_01_P,6300000,201763000002000000 ,2017-12-01,영업/정상,1,정상,426050000,,,"대전광역시 대덕구 송촌북로 60,  3~7층 (송촌동,을지소아크리닉)층 (송촌동)",,을지소아청소년과병원,2025-06-04 09:40,U,2025-06-06 02:40,병원,239064.0996,318619.2805,의사,13,38,70,2524.95,,,,,,
88,병원,01_01_01_P,6300000,201863000002000000 ,2018-01-02,영업/정상,1,정상,424883653,,대전광역시 서구 둔산동  1163번지 0호 백마빌딩7층~10층 0동 0호,"대전광역시 서구 대덕대로 194-0, 0동 백마빌딩층 0호 (둔산동,백마빌딩7층~10층)",,글로벌삼육오엠씨병원,2024-12-30 17:27,U,2025-01-01 02:40,병원,233878.0813,316658.5708,의사,10,16,38,1294.82,,,,,127.378187956852,36.3501505365073
89,병원,01_01_01_P,6300000,201863000002000000 ,2018-02-02,영업/정상,1,정상,4218992955,,,"대전광역시 서구 문정로48번길 70-0,  (탄방동)층 (탄방동)",,탄방엠블병원,2025-03-10 13:53,U,2025-03-12 02:40,병원,234407.5948,315934.7871,의사,29,34,54,2066.2,,,,,127.384045353987,36.3436480786714
90,병원,01_01_01_P,6300000,201863000002000000 ,2018-03-28,영업/정상,1,정상,423617575,,,"대전광역시 유성구 계룡로 114-0,  5,6층 (봉명동)층 (봉명동)",,대전본병원,2025-06-13 13:12,U,2025-06-15 02:40,병원,230714.335,316925.7013,의사,51,26,109,2891.8,,,,,127.342974158635,36.3526651864964
91,병원,01_01_01_P,6300000,201863000002000000 ,2018-12-12,영업/정상,1,정상,425200000,,,"대전광역시 유성구 계백로 927-0,  0동 (원내동,코젤랜드)층 (원내동)",,대전코젤병원,2025-01-10 17:39,U,2025-01-12 02:40,병원,229279.7339,311188.295,의사,29,41,68,3602.75,,,,,127.326577245502,36.3009327414118
92,병원,01_01_01_P,6300000,201963000002000000 ,2019-05-13,영업/정상,1,정상,4215226705,,,"대전광역시 유성구 계룡로 120-0,  (봉명동)층 (봉명동)",,봉키병원,2025-06-20 13:05,U,2025-06-22 02:40,병원,230780.8649,316923.4879,의사,27,33,57,2830.94,,,,,127.343728296786,36.3526454466459
93,병원,01_01_01_P,6300000,202163000002000000 ,2021-05-07,영업/정상,1,정상,424856644,,,"대전광역시 서구 둔산로 61-0,  (둔산동)층 (둔산동)",,밝은누리안과병원,2025-05-07 09:11,U,2025-05-09 02:40,병원,234106.0231,316817.8962,의사,25,11,32,3555.95,,,,,127.380753694185,36.3515710213604
94,병원,01_01_01_P,6300000,202563000002000000 ,2025-05-08,영업/정상,1,정상,423231100,,,"대전광역시 동구 산내로 267-1,  1동 (하소동,백년요양병원)층 (하소동)",,백년요양병원,2025-06-20 13:06,U,2025-06-22 02:40,요양병원(일반요양병원),,,의사,8,32,92,2985.56,,,,,127.438953893963,36.2099880635002
95,병원,01_01_01_P,6300000,202563000002000000 ,2025-04-25,영업/정상,1,정상,427218844,,대전광역시 동구 가양동  725번지 0호 힐스테이트가양더와이즈 0호,"대전광역시 동구 동서대로 1722-0, 힐스테이트가양더와이즈층 201,313호 (가양동,힐스테이트가양더와이즈)",,이안병원,2025-06-30 09:44,U,2025-07-02 02:40,병원,,,의사,19,30,47,1430.08,,,,,127.440423558015,36.3499004160427
96,병원,01_01_01_P,6300000,200763000002000000 ,2007-04-27,영업/정상,1,정상,427177575,,,"대전광역시 유성구 문화원로146번길 7-24,  (봉명동)층 (봉명동)",,사회복지법인 성화 대전재활병원,2025-06-30 09:45,U,2025-07-02 02:40,병원,231587.4457,317431.8949,,99,60,273,7697.88,,,,,127.352712265591,36.3571906572547
97,병원,01_01_01_P,6300000,200763000002000000 ,2007-08-07,영업/정상,1,정상,428246900,,,"대전광역시 유성구 온천동로 15-0, 유성웰니스재활전문병원층 (봉명동)",,의료법인 리노의료재단 유성웰니스재활병원,2025-05-21 16:03,U,2025-05-23 02:40,병원,231233.6119,317005.6202,의사,117,167,520,27359.21,,,,,127.348598625496,36.3534596081473
98,병원,01_01_01_P,6300000,202363000002000000 ,2023-11-06,영업/정상,1,정상,423370300,,,"대전광역시 중구 대종로 608-0,  (선화동)층 (선화동)",,청춘병원,2025-06-18 17:24,U,2025-06-20 02:40,병원,,,의사,74,41,175,11209.97,,,,,127.417368115348,36.3359359229465
99,병원,01_01_01_P,3670000,PHMA220053670022021200001,2005-01-27,영업/정상,13,영업중,042-365-0101,,,"대전광역시 유성구 도안대로567번길 26-0, 0동 (봉명동)",34179.0,의료법인비에스의료재단 브레인요양병원,2024-08-05 14:02,U,2024-08-07 02:40,요양병원(일반요양병원),230331.8814,316799.6787,요양병원(일반요양병원),35,51,242,6749.18,301 122 120 114 109 104 102 101,"내과, 신경과, 외과, 마취통증의학과, 피부과, 재활의학과, 가정의학과, 한방내과",,,127.338686334083,36.3515605892368
100,병원,01_01_01_P,3660000,PHMA220233660023021200003,2023-06-29,영업/정상,13,영업중,042-542-1075,,"대전광역시 서구 관저동 1733 대전 관저 클리닉 센터 4,5층","대전광역시 서구 계백로 993, 대전 관저 클리닉 센터 4,5층 (관저동)",35362.0,고래한방병원,2024-05-21 11:29,U,2024-05-23 02:40,한방병원,229963.2424,311295.4077,한방병원,16,16,46,1897.64,308 307 306 305 304 303 302 301 120,"재활의학과, 한방내과, 한방부인과, 한방소아과, 한방안·이비인후·피부과, 한방신경정신과, 한방재활의학과, 사상체질과, 침구과",,,127.334397034522,36.3019919157251
101,병원,01_01_01_P,3660000,PHMA220193660023021200001,2019-05-13,영업/정상,13,영업중,042-710-6000,,대전광역시 서구 둔산동 1368 건국타워,"대전광역시 서구 대덕대로 244, 건국타워 5층, 9~11층 (둔산동)",35233.0,둔산엔젤요양병원,2023-07-28 11:50,U,2023-07-30 02:40,요양병원(일반요양병원),234034.7927,317142.6906,요양병원(일반요양병원),13,22,70,2009.3,307 306 302 301 122 120 114 113 104 102 101,"내과, 신경과, 외과, 이비인후과, 피부과, 재활의학과, 가정의학과, 한방내과, 한방부인과, 한방재활의학과, 사상체질과",,,127.379966335149,36.354516313149
102,병원,01_01_01_P,3670000,PHMA220193670022021200001,2019-05-13,영업/정상,13,영업중,0421522-6705,,,대전광역시 유성구 계룡로 120-0 (봉명동),34188.0,봉키병원,2024-05-07 13:53,U,2024-05-09 02:40,병원,230780.8649,316923.4879,병원,21,33,57,2830.94,114 113 112 111 101,"내과, 소아청소년과, 안과, 이비인후과, 피부과",,,127.343728296786,36.3526454466459
103,병원,01_01_01_P,3660000,PHMA220193660023021200002,2019-07-19,영업/정상,13,영업중,042-524-1075,,대전광역시 서구 탄방동 681,"대전광역시 서구 문정로2번길 145, 3,4,5,7,8층 (탄방동)",35263.0,꽃빛한방병원,2025-06-25 09:52,U,2025-06-27 02:40,한방병원,234772.5177,315858.2805,한방병원,9,28,76,3000.9,308 307 306 305 304 303 302 301 122,"가정의학과, 한방내과, 한방부인과, 한방소아과, 한방안·이비인후·피부과, 한방신경정신과, 한방재활의학과, 사상체질과, 침구과",,,,
104,병원,01_01_01_P,3670000,PHMA220193670022021200002,2019-07-18,영업/정상,13,영업중,042-607-1234,,대전광역시 유성구 봉명동 694-6,"대전광역시 유성구 온천동로 43, 본관지하1~3층, 9층/신관2~4층 (봉명동)",34186.0,의료법인 밝은마음의료재단 워크런재활병원,2024-12-23 09:23,U,2024-12-25 02:40,병원,231400.7198,317228.8421,병원,34,31,124,4222.95,301 122 120 102 101,"내과, 신경과, 재활의학과, 가정의학과, 한방내과",,,127.350659538596,36.3553668632141
105,병원,01_01_01_P,3640000,PHMA220243640023021200001,2024-10-18,영업/정상,13,영업중,042-331-1005,,,"대전광역시 동구 옥천로 153-0, 1동 (판암동,고래한방병원2층5흥6층)",34675.0,판암고래한방병원,2025-02-26 15:32,U,2025-02-28 02:40,한방병원,,,한방병원,12,19,46,1254.81,308 307 306 303 302 301 120 111 106 105 104 101,"내과, 외과, 정형외과, 신경외과, 소아청소년과, 재활의학과, 한방내과, 한방부인과, 한방소아과, 한방재활의학과, 사상체질과, 침구과",,,127.457438854677,36.3172860571862
106,병원,01_01_01_P,3660000,PHMA220243660023021200002,2024-07-09,영업/정상,13,영업중,042-721-0777,,,"대전광역시 서구 계백로 993-0, 6~8층 (관저동,대전관저클리닉센터)",35362.0,이김병원,2024-07-09 15:42,I,2024-07-11 00:14,병원,229963.2424,311295.4077,병원,23,17,54,2846.47,116 109 106 105,"정형외과, 신경외과, 마취통증의학과, 영상의학과",,,,
107,병원,01_01_01_P,3660000,PHMA220243660023021200001,2024-01-15,영업/정상,13,영업중,042-544-0025,,대전광역시 서구 관저동 1761 3~7층,"대전광역시 서구 계백로 1013, 3~7층 (관저동)",35363.0,더젠병원,2025-06-25 09:33,U,2025-06-27 02:40,병원,230153.1569,311297.8924,병원,51,40,128,6589.29,116 109 106 105 101,"내과, 정형외과, 신경외과, 마취통증의학과, 영상의학과",,,,
108,병원,01_01_01_P,3660000,PHMA220233660023021200002,2023-04-21,영업/정상,13,영업중,042-330-2110,,대전광역시 서구 관저동 567-10 대전세종충남넥슨후원 공공어린이재활병원,"대전광역시 서구 도안중로 133, 대전세종충남넥슨후원 공공어린이재활병원 (관저동)",35358.0,대전세종충남·넥슨후원 공공어린이재활병원,2025-06-05 10:20,U,2025-06-08 02:40,병원,229934.0832,312028.5755,병원,24,14,50,157000.0,405 120 111,"소아청소년과, 재활의학과, 소아치과",,,127.334206780772,36.3085193565515
109,병원,01_01_01_P,3650000,PHMA219823650023021200002,1982-06-30,영업/정상,13,영업중,042-220-8000,301-070,대전광역시 중구 목동 10-7,"대전광역시 중구 목중로 29 (목동, 선병원)",34811.0,의료법인영훈의료재단 대전선병원,2024-07-16 09:39,U,2024-07-18 02:40,종합병원,236751.5496,315098.9561,종합병원,354,96,328,31251.6,101 104 110 111 105 106 107 102 119 123 118 109 116 122 125 108 120 115 113 103 114 211 112 117,"내과, 신경과, 정신건강의학과, 외과, 정형외과, 신경외과, 심장혈관흉부외과, 성형외과, 마취통증의학과, 산부인과, 소아청소년과, 안과, 이비인후과, 피부과, 비뇨의학과, 영상의학과, 방사선종양학과, 병리과, 진단검사의학과, 재활의학과, 가정의학과, 핵의학과, 응급의학과, 치과",,,127.410419737647,36.3359392589547
110,병원,01_01_01_P,3650000,PHMA219843650023021200001,1984-11-05,영업/정상,13,영업중,1599-7123,301-040,대전광역시 중구 대사동 640,"대전광역시 중구 문화로 282 (대사동, 충남대학교병원)",35015.0,충남대학교병원,2025-06-23 14:35,U,2025-06-25 02:40,종합병원,237300.4382,312975.6099,종합병원,1517,319,1186,106594.0,411 410 409 408 407 406 405 404 403 402 126 125 123 122 120 119 118 117 116 115 114 113 112 111 110 109 108 107 106 105 104 103 102 101,"내과, 신경과, 정신건강의학과, 외과, 정형외과, 신경외과, 심장혈관흉부외과, 성형외과, 마취통증의학과, 산부인과, 소아청소년과, 안과, 이비인후과, 피부과, 비뇨의학과, 영상의학과, 방사선종양학과, 병리과, 진단검사의학과, 재활의학과, 가정의학과, 핵의학과, 응급의학과, 예방의학과, 구강악안면외과, 치과보철과, 치과교정과, 소아치과, 치주과, 치과보존과, 구강내과, 영상치의학과, 구강병리과, 예방치과",,,127.415303889582,36.3168435594497
111,병원,01_01_01_P,3650000,PHMA220093650023021200001,2009-03-30,영업/정상,13,영업중,042-535-1900,301-829,"대전광역시 중구 오류동 175번지 8호 3, 4, 5층",대전광역시 중구 계룡로 858 (오류동),34908.0,새손병원,2025-06-13 09:38,U,2025-06-15 02:40,병원,236729.8649,313791.2401,병원,10,44,119,3384.24,101 105 108,"내과, 정형외과, 성형외과",,,127.409791681538,36.3242693688709
112,병원,01_01_01_P,3640000,PHMA220043640023021200001,2004-03-16,영업/정상,13,영업중,042-606-1000,300-180,대전광역시 동구 성남2동 496번지15호,대전광역시 동구 동서대로 1672 (성남동),34572.0,대전한국병원,2025-04-02 10:25,U,2025-04-04 02:40,종합병원,239044.3536,316476.0643,종합병원,151,70,253,16108.36,412 125 122 120 119 115 113 111 110 109 108 107 106 105 104 101,"내과, 외과, 정형외과, 신경외과, 심장혈관흉부외과, 성형외과, 마취통증의학과, 산부인과, 소아청소년과, 이비인후과, 비뇨의학과, 진단검사의학과, 재활의학과, 가정의학과, 응급의학과, 통합치의학과",,,127.43583507554,36.3481758122459
113,병원,01_01_01_P,3640000,PHMA220053640023021200001,2005-07-05,영업/정상,13,영업중,042-670-1201,300-070,대전광역시 동구 대동 167번지6호,대전광역시 동구 계족로 189 (대동),34604.0,대전기독요양병원,2023-07-10 17:18,U,2023-07-13 02:40,요양병원(일반요양병원),239579.9529,314461.42,요양병원(일반요양병원),21,31,140,2643.64,301 110 106 104 101,"내과, 외과, 신경외과, 산부인과, 한방내과",,,127.441708753516,36.3301642777151
114,병원,01_01_01_P,3640000,PHMA220093640023021200001,2025-02-28,영업/정상,13,영업중,042-620-7575,300-060,대전광역시 동구 신안동 293번지 1호,대전광역시 동구 동대전로 39 (신안동),34617.0,대전화병원,2025-03-05 13:02,U,2025-03-07 02:40,병원,239341.185,314300.7671,병원,51,18,69,4799.74,125 116 109 107 105 104 101,"내과, 외과, 정형외과, 심장혈관흉부외과, 마취통증의학과, 영상의학과, 응급의학과",,,127.43908499232,36.3292113991822
115,병원,01_01_01_P,3640000,PHMA220103640023021200001,2010-07-27,영업/정상,13,영업중,042-272-9633,300-250,대전광역시 동구 하소동 425번지 3호,대전광역시 동구 산내로 300 (하소동),34712.0,대전광역시립제2노인전문병원,2023-12-11 09:49,U,2023-12-13 02:40,요양병원(일반요양병원),239520.9714,301424.5499,요양병원(일반요양병원),16,36,163,5051.5,301 122 120 106 105 103 102 101,"내과, 신경과, 정신건강의학과, 정형외과, 신경외과, 재활의학과, 가정의학과, 한방내과",,,127.440465773118,36.2125587514692
116,병원,01_01_01_P,3640000,PHMA220103640023021200002,2010-10-13,영업/정상,13,영업중,042-628-7535,,대전광역시 동구 가양동 288번지 6호,대전광역시 동구 우암로 234 (가양동),34594.0,다솜요양병원,2019-01-18 17:55,U,2019-01-20 02:40,요양병원(일반요양병원),239658.745,315951.2602,요양병원(일반요양병원),19,29,172,3579.79,101 102 120 122 301,"내과, 신경과, 재활의학과, 가정의학과, 한방내과",,,127.442568049867,36.3435604881299
117,병원,01_01_01_P,3640000,PHMA220123640023021200002,2012-06-08,영업/정상,13,영업중,042-634-7582,300-837,대전광역시 동구 가양2동 391번지 8호,대전광역시 동구 우암로 281 (가양동),34534.0,의료법인 원전의료재단 가양요양병원,2024-10-31 13:21,U,2024-11-02 02:40,요양병원(일반요양병원),240048.7929,316259.2286,요양병원(일반요양병원),19,24,142,2841.47,301 105 104 101,"내과, 외과, 정형외과, 한방내과",,,127.446884699455,36.3462574970873
118,병원,01_01_01_P,3640000,PHMA220123640023021200003,2012-08-31,영업/정상,13,영업중,042-631-0100,,대전광역시 동구 성남동 155번지 1호 지앤지빌딩,"대전광역시 동구 우암로 159, 지앤지빌딩 2층,3층,4층6층 (성남동)",34591.0,부모사랑요양병원,2023-07-06 10:06,U,2023-07-08 02:40,요양병원(일반요양병원),238983.8185,315620.0809,요양병원(일반요양병원),16,14,106,3212.25,301 122 107 105 104,"외과, 정형외과, 심장혈관흉부외과, 가정의학과, 한방내과",,,127.435050357765,36.3406233187757
119,병원,01_01_01_P,3640000,PHMA220123640023021200004,2012-09-11,영업/정상,13,영업중,042-285-9988,,대전광역시 동구 낭월동 496 명인요양병원,"대전광역시 동구 산내로1287번길 71-14, 명인요양병원 (낭월동)",34705.0,명인요양병원,2024-10-30 16:41,U,2024-11-01 02:40,요양병원(일반요양병원),241691.8144,308670.7679,요양병원(일반요양병원),16,27,170,4178.91,101 120 122 104 102 301,"내과, 신경과, 외과, 재활의학과, 가정의학과, 한방내과",,,127.464790260414,36.2778427917598
120,병원,01_01_01_P,3640000,PHMA220133640023021200001,2013-01-18,영업/정상,13,영업중,042-274-9449,300-832,대전광역시 동구 판암1동 339번지 4호,대전광역시 동구 옥천로176번길 15-4 (판암동),34676.0,대전그린의료소비자생활협동조합 그린요양병원,2023-07-17 13:23,U,2023-07-19 02:40,요양병원(일반요양병원),241234.1126,312906.1127,요양병원(일반요양병원),23,34,182,2500.0,301 120 106 105 104 101,"내과, 외과, 정형외과, 신경외과, 재활의학과, 한방내과",,,127.459997872887,36.3160445981979
121,병원,01_01_01_P,3640000,PHMA220143640023021200001,2014-09-22,영업/정상,13,영업중,042-368-2000(9),300-120,대전광역시 동구 용운동 산 12번지 15호,대전광역시 동구 동부로 150 (용운동),34521.0,의료법인 지아의료재단 대전동부요양병원,2024-10-30 16:49,U,2024-11-01 02:40,요양병원(일반요양병원),241858.6529,314130.8248,요양병원(일반요양병원),14,39,242,8400.1,301 126 122 121 120 119 116 115 114 113 110 109 107 106 105 104 102 101,"내과, 신경과, 외과, 정형외과, 신경외과, 심장혈관흉부외과, 마취통증의학과, 산부인과, 이비인후과, 피부과, 비뇨의학과, 영상의학과, 진단검사의학과, 재활의학과, 결핵과, 가정의학과, 예방의학과, 한방내과",,,127.466899380783,36.3272077471411
122,병원,01_01_01_P,3640000,PHMA220173640023021200003,2017-04-27,영업/정상,13,영업중,042-283-2200,,,대전광역시 동구 신기로 123-20 (가오동),34679.0,새봄요양병원,2025-06-19 15:31,U,2025-06-21 02:40,요양병원(일반요양병원),241043.8249,312452.6884,요양병원(일반요양병원),4,41,198,3748.7,308 304 302 301 122,"가정의학과, 한방내과, 한방부인과, 한방안·이비인후·피부과, 침구과",,,127.457772933153,36.3122026771046
123,병원,01_01_01_P,3640000,PHMA219993640023021200001,1999-03-13,영업/정상,13,영업중,042-272-8882,300-140,대전광역시 동구 삼정동 118번지5호,대전광역시 동구 옥천로 315 (삼정동),34502.0,사회복지법인 성신원 동대전정신병원,2023-01-03 11:02,U,2023-07-14 02:40,정신병원,242199.205,313690.4819,정신병원,10,23,123,2081.01,103,정신건강의학과,,,127.470119763617,36.3234816498521
124,병원,01_01_01_P,3640000,PHMA220003640023021200001,2000-07-03,영업/정상,13,영업중,042-672-5123(1),300-170,대전광역시 동구 삼성1동 114번지2호,대전광역시 동구 대전로815번길 131 (삼성동),34623.0,삼성한방병원,2022-12-08 08:56,U,2023-05-26 08:48,한방병원,238357.6309,315221.9812,한방병원,4,15,55,430.67,301 302 303 304 305 308,"한방내과, 한방부인과, 한방소아과, 한방안·이비인후·피부과, 한방신경정신과, 침구과",,,127.427960764927,36.3368992173608
125,병원,01_01_01_P,3640000,PHMA220023640023021200001,2002-02-18,영업/정상,13,영업중,042-274-6700,300-240,대전광역시 동구 상소동 456번지,대전광역시 동구 산내로560번길 18-11 (상소동),34712.0,보광노인전문병원,2024-10-30 16:21,U,2024-11-01 02:40,요양병원(일반요양병원),240661.0219,302981.5177,요양병원(일반요양병원),10,44,151,2978.16,301 122 120 107 105 104 102 101,"내과, 신경과, 외과, 정형외과, 심장혈관흉부외과, 재활의학과, 가정의학과, 한방내과",,,127.453018394168,36.2270565922506
126,병원,01_01_01_P,3660000,PHMA220043660023021200002,2004-05-31,영업/정상,13,영업중,042-528-7588,302-816,대전광역시 서구 괴정동 423번지 5호,대전광역시 서구 계룡로 618 (괴정동),35299.0,허리사랑병원,2024-01-23 10:39,U,2024-01-25 02:40,병원,235012.8912,315492.5928,병원,27,18,64,2416.42,116 109 106 105,"정형외과, 신경외과, 마취통증의학과, 영상의학과",,,127.390899297621,36.3397002435694
127,병원,01_01_01_P,3670000,PHMA220203670022021200001,2020-04-01,영업/정상,13,영업중,042-826-7799,,"대전광역시 유성구 봉명동 553-4 401~5호,409호,508호","대전광역시 유성구 도안대로 591, 401~5호,409호,508호 (봉명동)",34179.0,유성한방병원,2024-08-07 09:37,U,2024-08-09 02:40,한방병원,230517.5634,316979.3954,한방병원,8,14,46,1215.47,308 306 304 303 302 301 105,"정형외과, 한방내과, 한방부인과, 한방소아과, 한방안·이비인후·피부과, 한방재활의학과, 침구과",,,,
128,병원,01_01_01_P,3660000,PHMA220203660023021200002,2020-05-26,영업/정상,13,영업중,042-486-6000,,대전광역시 서구 둔산동 1029,"대전광역시 서구 대덕대로 237, 2~5층 (둔산동)",35229.0,정한방병원,2024-05-07 16:37,U,2024-05-09 02:40,한방병원,233940.5276,317087.7963,한방병원,9,22,70,2136.68,308 306 304 302 301 120 109,"마취통증의학과, 재활의학과, 한방내과, 한방부인과, 한방안·이비인후·피부과, 한방재활의학과, 침구과",,,,
129,병원,01_01_01_P,3670000,PHMA220093670022021200001,2009-12-04,영업/정상,13,영업중,042489-8888,,,"대전광역시 유성구 계룡로 142-0, 4~8층 (봉명동)",0.0,바로세움병원,2023-12-06 10:10,U,2023-12-08 02:40,병원,230999.3729,316851.6993,병원,45,25,78,5331.21,,,,,,
130,병원,01_01_01_P,3670000,PHMA220213670022021200001,2021-10-14,영업/정상,13,영업중,042-710-0006,,,"대전광역시 유성구 계룡로 142-0, 2~3층 (봉명동)",34189.0,오늘한방병원,2025-05-20 13:43,U,2025-05-22 02:40,한방병원,230999.3729,316851.6993,한방병원,12,21,54,1783.0,308 307 306 305 304 303 302 301 111 110,"산부인과, 소아청소년과, 한방내과, 한방부인과, 한방소아과, 한방안·이비인후·피부과, 한방신경정신과, 한방재활의학과, 사상체질과, 침구과",,,127.34614757653,36.3520089917937
131,병원,01_01_01_P,3660000,PHMA220233660023021200001,2023-03-09,영업/정상,13,영업중,042-524-9901,,대전광역시 서구 탄방동 78-21 중경한방병원 2층~5층,"대전광역시 서구 도산로 397, 중경한방병원 2층~5층 (탄방동)",35264.0,중경한방병원,2024-05-10 17:04,U,2024-05-12 02:40,한방병원,235311.1888,315452.4688,한방병원,14,17,54,1196.89,308 306 303 302 301 101,"내과, 한방내과, 한방부인과, 한방소아과, 한방재활의학과, 침구과",,,127.394001500435,36.3393541881242
132,병원,01_01_01_P,3680000,PHMA220063680022021200002,2006-08-28,영업/정상,13,영업중,042-624-1190,306-826,대전광역시 대덕구 중리동 237-3,대전광역시 대덕구 한밭대로 1150 (중리동),34427.0,한남요양병원,2023-06-08 15:49,U,2023-06-10 02:40,요양병원(일반요양병원),238188.8013,317610.7954,요양병원(일반요양병원),14,32,150,2729.37,101 120 105 102 115 114 104 122,"내과, 신경과, 외과, 정형외과, 피부과, 비뇨의학과, 재활의학과, 가정의학과",,,127.426279761173,36.3585833220255
133,병원,01_01_01_P,3680000,PHMA220073680022021200001,1900-01-01,영업/정상,13,영업중,042-931-9114,306-804,대전광역시 대덕구 덕암동 43-5,대전광역시 대덕구 덕암로 225 (덕암동),34330.0,의료법인원전의료재단보니파시오요양병원,2025-06-24 13:31,U,2025-06-26 02:40,요양병원(일반요양병원),237919.2715,326717.6723,요양병원(일반요양병원),31,47,246,7984.29,301 120 113 110 105 101,"내과, 정형외과, 산부인과, 이비인후과, 재활의학과, 한방내과",,,127.423719632404,36.4406738826976
134,병원,01_01_01_P,3680000,PHMA220123680022021200001,2012-01-20,영업/정상,13,영업중,042-717-2860,,대전광역시 대덕구 신탄진동 175번지 1호,"대전광역시 대덕구 신탄진로 782 (신탄진동, 1,2,3,4,5층)",34312.0,이엘치과병원,2024-05-23 10:06,U,2024-05-25 02:40,치과병원,238478.156,327439.7532,치과병원,14,3,5,2072.75,412 411 408 407 406 405 404 403 402,"구강악안면외과, 치과보철과, 치과교정과, 소아치과, 치주과, 치과보존과, 구강내과, 예방치과, 통합치의학과",,,127.429948613714,36.4471455453344
135,병원,01_01_01_P,3680000,PHMA220133680022021200001,2013-03-20,영업/정상,13,영업중,042-712-8500,306-812,대전광역시 대덕구 송촌동 292번지 3호,대전광역시 대덕구 동서대로1777번길 2 (송촌동),34425.0,대전웰니스병원,2025-02-14 13:41,U,2025-02-16 02:40,병원,239729.3203,317207.7031,병원,81,66,240,13490.83,126 120 116 109 106 105 101,"내과, 정형외과, 신경외과, 마취통증의학과, 영상의학과, 재활의학과, 예방의학과",,,127.443533635282,36.3547406455464
136,병원,01_01_01_P,3680000,PHMA219973680022021200001,1900-01-01,영업/정상,13,영업중,042-939-0111,306-816,대전광역시 대덕구 신탄진동 220,대전광역시 대덕구 대청로82번길 147 (신탄진동),34314.0,대전보훈병원,2025-06-28 10:47,U,2025-06-30 02:40,종합병원,239347.5422,327443.4947,종합병원,364,104,380,50249.4,402 301 125 122 120 119 116 115 114 113 112 111 110 109 106 105 104 103 102 101,"내과, 신경과, 정신건강의학과, 외과, 정형외과, 신경외과, 마취통증의학과, 산부인과, 소아청소년과, 안과, 이비인후과, 피부과, 비뇨의학과, 영상의학과, 진단검사의학과, 재활의학과, 가정의학과, 응급의학과, 한방내과, 구강악안면외과",,,127.439693956141,36.447316412604
137,병원,01_01_01_P,3680000,PHMA219803680022021200001,1900-01-01,영업/정상,13,영업중,620-8114,306-801,대전광역시 대덕구 대화동 39-1,대전광역시 대덕구 대화1길 2 (대화동),34371.0,사회복지법인천성원대전한일병원,2023-01-02 10:10,U,2023-08-02 02:40,정신병원,237008.995,318495.9734,정신병원,24,34,176,3883.8,122 120 103 101,"내과, 정신건강의학과, 재활의학과, 가정의학과",,,127.412743683547,36.3658976285645
138,병원,01_01_01_P,3680000,PHMA219953680022021200001,1991-04-22,영업/정상,13,영업중,042-670-5419,306-807,대전광역시 대덕구 법동 285-3,대전광역시 대덕구 계족로 637 (법동),34384.0,근로복지공단대전병원,2025-02-14 13:38,U,2025-02-16 02:40,종합병원,238383.2615,318721.2539,종합병원,219,71,234,22382.5,101 104 105 110 116 109 119 103 106 120 124 115 125 102 122,"내과, 신경과, 정신건강의학과, 외과, 정형외과, 신경외과, 마취통증의학과, 산부인과, 비뇨의학과, 영상의학과, 진단검사의학과, 재활의학과, 가정의학과, 직업환경의학과, 응급의학과",,,127.427893917601,36.3692226389729
139,병원,01_01_01_P,3650000,PHMA219803650023021200001,1980-05-15,영업/정상,13,영업중,042-220-9114,301-723,대전광역시 중구 대흥동 520번지 2호 성모병원,대전광역시 중구 대흥로 64 (대흥동),34943.0,학교법인 가톨릭학원 가톨릭대학교 대전성모병원,2025-05-07 11:44,U,2025-05-10 02:40,종합병원,237664.0642,313685.4944,종합병원,718,154,600,32918.31,407 404 403 402 125 123 122 120 119 118 117 116 115 114 113 112 111 110 109 108 107 106 105 104 103 102 101,"내과, 신경과, 정신건강의학과, 외과, 정형외과, 신경외과, 심장혈관흉부외과, 성형외과, 마취통증의학과, 산부인과, 소아청소년과, 안과, 이비인후과, 피부과, 비뇨의학과, 영상의학과, 방사선종양학과, 병리과, 진단검사의학과, 재활의학과, 가정의학과, 핵의학과, 응급의학과, 구강악안면외과, 치과보철과, 치과교정과, 치과보존과",,,127.420211690552,36.3219928632375
140,병원,01_01_01_P,3650000,PHMA220103650023021200001,2010-02-09,영업/정상,13,영업중,042-522-6000,301-835,대전광역시 중구 유천2동 207번지 9호,대전광역시 중구 유천로 76 (유천동),34900.0,의료법인대전석천의료재단 섬김요양병원,2021-12-29 14:40,U,2021-12-31 02:40,요양병원(일반요양병원),235635.2576,313235.3932,요양병원(일반요양병원),13,22,139,2682.24,301 122 120 110 106 105 102 101,"내과, 신경과, 정형외과, 신경외과, 산부인과, 재활의학과, 가정의학과, 한방내과",,,127.397444898506,36.3193026695997
141,병원,01_01_01_P,3650000,PHMA220043650023021200001,2004-07-02,영업/정상,13,영업중,042-253-5800,301-811,대전광역시 중구 문화1동 11번지 3호,대전광역시 중구 보문산로 359 (문화동),35016.0,시민요양병원,2025-01-23 10:57,U,2025-01-25 02:40,요양병원(일반요양병원),237257.3031,312675.5439,요양병원(일반요양병원),33,27,147,4724.47,301 111 110 105,"정형외과, 산부인과, 소아청소년과, 한방내과",,,127.415765303897,36.3141303077573
142,병원,01_01_01_P,3650000,PHMA220063650023021200002,2006-04-14,영업/정상,13,영업중,042-256-1177,301-802,대전광역시 중구 대흥동 50-12,대전광역시 중구 대종로 400 (대흥동),34931.0,의료법인 산수의료재단 웰시티요양병원,2024-10-18 17:24,U,2024-10-20 02:40,요양병원(일반요양병원),238608.7852,313427.3139,요양병원(일반요양병원),38,76,328,6069.32,301 122 120 105 102 101,"내과, 신경과, 정형외과, 재활의학과, 가정의학과, 한방내과",,,127.430744945642,36.320837819577
143,병원,01_01_01_P,3650000,PHMA220063650023021200003,2006-10-16,영업/정상,13,영업중,042-252-8275,301-050,대전광역시 중구 선화동 143-20,대전광역시 중구 대종로 599 (선화동),34840.0,의료법인 세명의료재단 세명요양병원,2020-07-17 17:24,U,2021-02-09 02:40,요양병원(일반요양병원),237414.8032,315001.2635,요양병원(일반요양병원),18,45,215,3668.04,101 102 120 105 301,"내과, 신경과, 정형외과, 재활의학과, 한방내과",,,127.41756453019,36.3350682154599
144,병원,01_01_01_P,3650000,PHMA220063650023021200004,2006-10-30,영업/정상,13,영업중,042-222-0122,,대전광역시 중구 대흥동 467번지 1호,대전광역시 중구 보문로 254 (대흥동),34916.0,참다남병원,2023-01-06 18:15,U,2023-07-14 02:40,정신병원,237868.4577,313912.3799,정신병원,9,22,98,1368.61,122 103 102,"신경과, 정신건강의학과, 가정의학과",,,127.422622031635,36.3252931291153
145,병원,01_01_01_P,3650000,PHMA220063650023021200005,2006-12-13,영업/정상,13,영업중,042-242-0875,301-803,대전광역시 중구 대흥동 460번지 2호,대전광역시 중구 중교로 39 (대흥동),34916.0,의료법인 한일의료재단 패밀리요양병원,2020-10-15 16:14,U,2021-02-09 02:40,요양병원(일반요양병원),237991.2995,313966.8677,요양병원(일반요양병원),24,25,141,3486.06,301 122 120 111 105 104 102 101,"내과, 신경과, 외과, 정형외과, 소아청소년과, 재활의학과, 가정의학과, 한방내과",,,127.424097598146,36.325652969688
146,병원,01_01_01_P,3650000,PHMA220073650023021200002,2007-11-13,영업/정상,13,영업중,042-224-9999,301-040,대전광역시 중구 대사동 248-287,대전광역시 중구 계룡로 943 (대사동),34946.0,의료법인 대전세진의료재단 은혜요양병원,2023-05-17 15:01,U,2023-05-20 02:40,요양병원(일반요양병원),237383.0625,313254.0535,요양병원(일반요양병원),17,21,129,2659.41,308 113 105 101,"내과, 정형외과, 이비인후과, 침구과",,,127.416978870868,36.3192630705165
147,병원,01_01_01_P,3650000,PHMA219933650023021200003,1993-09-01,영업/정상,13,영업중,042-220-5500,,대전광역시 중구 대흥동 153번지 5호 천우빌딩,"대전광역시 중구 대종로 468, 천우빌딩 7,8,9층 (대흥동)",34925.0,의료법인청운의료재단이안과병원,2018-11-10 08:27,I,2018-08-31 23:59,병원,238327.292,314031.3314,병원,7,9,30,2898.39,112,안과,,,127.427635278345,36.3263385972602
148,병원,01_01_01_P,3650000,PHMA220123650023021200002,2012-08-31,영업/정상,13,영업중,042-222-2921,301-803,대전광역시 중구 대흥동 452번지 2호,대전광역시 중구 중교로 32 (대흥동),34917.0,의료법인 의명의료재단 마음편한병원,2023-05-04 14:03,U,2023-07-14 02:40,정신병원,237956.5466,313886.6862,정신병원,15,71,299,6301.5,104 103,"정신건강의학과, 외과",,,127.423520817568,36.3250346443222
149,병원,01_01_01_P,3650000,PHMA220123650023021200003,2012-09-13,영업/정상,13,영업중,042-250-9100,301-841,대전광역시 중구 중촌동 183번지 5호,대전광역시 중구 대전천서로 745 (중촌동),34800.0,평화요양병원,2022-07-29 09:09,U,2022-07-31 02:40,요양병원(일반요양병원),236579.7917,316327.3819,요양병원(일반요양병원),25,36,188,5565.0,101 122 102 106 120 301,"내과, 신경과, 신경외과, 재활의학과, 가정의학과, 한방내과",,,127.408482021904,36.3473530653174
150,병원,01_01_01_P,3650000,PHMA220133650023021200001,2013-12-31,영업/정상,13,영업중,042-242-9900,301-809,대전광역시 중구 문창동 18번지 3호,대전광역시 중구 인창로 33 (문창동),34929.0,대전보람요양병원,2023-11-07 09:33,U,2023-11-09 02:40,요양병원(일반요양병원),238832.4562,313700.5856,요양병원(일반요양병원),18,43,190,6284.12,301 122 120 115 114 111 106 105 101,"내과, 정형외과, 신경외과, 소아청소년과, 피부과, 비뇨의학과, 재활의학과, 가정의학과, 한방내과",,,127.433028192045,36.323113694429
151,병원,01_01_01_P,3650000,PHMA220163650023021200001,2016-09-12,영업/정상,13,영업중,042-259-9988,,"대전광역시 중구 목동 15번지 3호 지하1층, 3~4층",대전광역시 중구 목중로 9 (목동),34815.0,튼튼요양병원,2024-09-24 15:54,U,2024-09-26 02:40,요양병원(일반요양병원),236911.3894,314974.1922,요양병원(일반요양병원),17,54,261,9721.98,301 122 120 106 104,"외과, 신경외과, 재활의학과, 가정의학과, 한방내과",,,127.41177068158,36.3348140896312
152,병원,01_01_01_P,3650000,PHMA220163650023021200002,2016-11-08,영업/정상,13,영업중,042-226-0101,,대전광역시 중구 대흥동 173번지 3호,대전광역시 중구 대종로 437 (대흥동),34935.0,백세요양병원,2024-08-14 16:21,U,2024-08-17 02:40,요양병원(일반요양병원),238385.2675,313754.0904,요양병원(일반요양병원),26,40,197,5603.08,301 122 120 106 105 104 102 101,"내과, 신경과, 외과, 정형외과, 신경외과, 재활의학과, 가정의학과, 한방내과",,,127.428331276808,36.3238656180606
153,병원,01_01_01_P,3650000,PHMA220183650023021200001,2018-04-01,영업/정상,13,영업중,042-222-5567,,대전광역시 중구 대사동 198번지 101호 크린타워,"대전광역시 중구 보문산공원로 473, 크린타워 1~5층 (대사동)",35052.0,중구의료소비자생활협동조합 보문산생태요양병원,2024-08-07 09:13,U,2024-08-09 02:40,요양병원(일반요양병원),237714.0041,312345.5078,요양병원(일반요양병원),7,35,98,3477.06,301 107 105 104 102 101,"내과, 신경과, 외과, 정형외과, 심장혈관흉부외과, 한방내과",,,127.420743023864,36.3111597272362
154,병원,01_01_01_P,3660000,PHMA220183660023021200003,2018-08-01,영업/정상,13,영업중,042-719-1199,,대전광역시 서구 둔산동 1424번지,"대전광역시 서구 둔산남로 87, 2~6층 (둔산동)",35241.0,마라톤정형외과병원,2024-09-09 11:02,U,2024-09-11 02:40,병원,234704.8204,316567.931,병원,24,27,83,2813.98,125 122 120 119 118 116 114 113 111 109 107 106 105 104 102 101,"내과, 신경과, 외과, 정형외과, 신경외과, 심장혈관흉부외과, 마취통증의학과, 소아청소년과, 이비인후과, 피부과, 영상의학과, 병리과, 진단검사의학과, 재활의학과, 가정의학과, 응급의학과",,,,
155,병원,01_01_01_P,3660000,PHMA220213660023021200001,2021-05-07,영업/정상,13,영업중,042-485-6644,,대전광역시 서구 둔산동 1274,대전광역시 서구 둔산로 61 (둔산동),35233.0,밝은누리안과병원,2023-03-06 09:04,U,2023-03-08 02:40,병원,234106.0231,316817.8962,병원,8,9,30,3555.95,112,안과,,,127.380753694185,36.3515710213604
156,병원,01_01_01_P,3660000,PHMA220083660023021200001,2008-01-03,영업/정상,13,영업중,042-472-0129,,대전광역시 서구 월평동 251,대전광역시 서구 대덕대로317번길 26(월평동),35214.0,의료법인 선사인혜요양병원,2025-05-19 08:59,U,2025-05-21 02:40,요양병원(일반요양병원),233847.3408,317897.4851,요양병원(일반요양병원),15,19,99,2016.87,101 102 122 120 116 301,"내과, 신경과, 영상의학과, 재활의학과, 가정의학과, 한방내과",,,127.377910585962,36.3613104743394
157,병원,01_01_01_P,3660000,PHMA220083660023021200002,2008-02-18,영업/정상,13,영업중,042-488-8275,,대전광역시 서구 둔산동 1143 신한일빌딩,"대전광역시 서구 문정로 7, 신한일빌딩 B1, 2~6층 (둔산동)",35235.0,서울여성병원,2024-04-02 17:41,U,2024-04-04 02:40,병원,234097.2202,316137.3976,병원,26,45,78,3798.03,101 110 111 109,"내과, 마취통증의학과, 산부인과, 소아청소년과",,,127.380597487901,36.3454334341989
158,병원,01_01_01_P,3660000,PHMA220083660023021200003,2008-05-07,영업/정상,13,영업중,042-472-7445,,대전광역시 서구 둔산동 1291 고운손빌딩,"대전광역시 서구 둔산서로 59, 고운손빌딩 8,9층 (둔산동)",35233.0,고운손병원,2024-04-19 16:57,U,2024-04-21 02:40,병원,234268.8922,316847.6625,병원,4,11,36,1409.0,104 108 105,"외과, 정형외과, 성형외과",,,127.382560675991,36.3518420007589
159,병원,01_01_01_P,3660000,PHMA220083660023021200004,2008-08-01,영업/정상,13,영업중,042-537-0222,,대전광역시 서구 용문동 276-4,대전광역시 서구 도산로 351 (용문동),35301.0,가톨릭병원,2023-11-29 13:06,U,2023-12-01 02:40,병원,234975.9493,315149.582,병원,66,26,100,3277.93,116 115 114 109 106 105 101,"내과, 정형외과, 신경외과, 마취통증의학과, 피부과, 비뇨의학과, 영상의학과",,,127.390340984894,36.336411782897
160,병원,01_01_01_P,3660000,PHMA220083660023021200005,2008-08-22,영업/정상,13,영업중,042-488-4671,,"대전광역시 서구 괴정동 3-18 삼영빌딩,4,5,6층","대전광역시 서구 계룡로 568, 4,5,6층 (괴정동, 삼영빌딩)",35269.0,의료법인삼영의료재단 둔산병원,2024-10-24 10:35,U,2024-10-26 02:40,병원,234643.9153,315735.2789,병원,15,14,49,3289.38,402 122 120 118 116 115 114 113 102 101,"내과, 신경과, 이비인후과, 피부과, 비뇨의학과, 영상의학과, 병리과, 재활의학과, 가정의학과, 구강악안면외과",,,,
161,병원,01_01_01_P,3660000,PHMA220093660023021200001,2009-02-16,영업/정상,13,영업중,042-525-3800,302-816,대전광역시 서구 괴정동 367번지 28호,대전광역시 서구 갈마로 122 (괴정동),35283.0,의료법인 정다운의료재단 나진요양병원,2024-11-21 09:03,U,2024-11-23 02:40,요양병원(일반요양병원),233272.2766,315744.0784,요양병원(일반요양병원),33,50,256,4836.91,301 122 115 111 106 104 102 101,"내과, 신경과, 외과, 신경외과, 소아청소년과, 비뇨의학과, 가정의학과, 한방내과",,,127.371272748247,36.3416635892605
162,병원,01_01_01_P,3660000,PHMA220123660023021200001,2012-04-02,영업/정상,13,영업중,042-472-0100,,대전광역시 서구 둔산동 913,대전광역시 서구 청사로 234(둔산동),35209.0,대전센텀병원,2024-09-30 11:07,U,2024-10-02 02:40,병원,234902.9496,317691.4542,병원,78,47,154,6706.23,116 109 105 101,"내과, 정형외과, 마취통증의학과, 영상의학과",,,127.389834474705,36.3595087497148
163,병원,01_01_01_P,3660000,PHMA220123660023021200002,2012-11-16,영업/정상,13,영업중,042-485-7777,302-859,"대전광역시 서구 탄방동 642번지 (3,4,5층)","대전광역시 서구 문정로48번길 70, 3,4,5층 (탄방동)",35262.0,더블유여성병원,2024-06-10 15:53,U,2024-06-12 02:40,병원,234407.5948,315934.7871,병원,14,27,48,2849.28,111 110,"산부인과, 소아청소년과",,,,
164,병원,01_01_01_P,3660000,PHMA220133660023021200001,2013-02-28,영업/정상,13,영업중,042-719-7575,,대전광역시 서구 둔산동 1419 둔산메트로존,"대전광역시 서구 둔산중로 38, 둔산메트로존 9,10층 (둔산동)",35241.0,둔산요양병원,2024-04-19 17:01,U,2024-04-21 02:40,요양병원(일반요양병원),234687.8785,316640.0369,요양병원(일반요양병원),20,27,148,2697.74,301 122 120 106 104 102 101,"내과, 신경과, 외과, 신경외과, 재활의학과, 가정의학과, 한방내과",,,127.387245447251,36.3499633715866
165,병원,01_01_01_P,3660000,PHMA220143660023021200001,2014-02-28,영업/정상,13,영업중,042-533-8275,,대전광역시 서구 갈마동 362번지 1호,"대전광역시 서구 갈마로 45 (갈마동, 성심요양병원)",35270.0,성심요양병원,2023-12-27 16:34,U,2023-12-29 02:40,요양병원(일반요양병원),233124.8153,316447.8678,요양병원(일반요양병원),21,37,199,10917.81,302 105 104 101,"내과, 외과, 정형외과, 한방부인과",,,127.369845095576,36.3483637543915
166,병원,01_01_01_P,3660000,PHMA220143660023021200002,2014-04-03,영업/정상,13,영업중,042-484-9898,302-830,대전광역시 서구 둔산동 1367번지,"대전광역시 서구 대덕대로 238, 4,5,6층 (둔산동)",35233.0,써지탑병원,2020-12-31 10:22,U,2021-01-02 02:40,병원,234034.877,317098.2499,병원,18,16,76,2037.9,106 105 116 109,"정형외과, 신경외과, 마취통증의학과, 영상의학과",,,,
167,병원,01_01_01_P,3660000,PHMA220143660023021200003,2014-04-10,영업/정상,13,영업중,042-471-7575,302-830,대전광역시 서구 둔산동 1367번지 2층,"대전광역시 서구 대덕대로 238, 2층 (둔산동)",35233.0,킴벨피부과병원,2025-01-31 15:34,U,2025-02-02 02:40,병원,234034.877,317098.2499,병원,7,7,31,1003.77,122 120 115 114 113 111 108 101,"내과, 성형외과, 소아청소년과, 이비인후과, 피부과, 비뇨의학과, 재활의학과, 가정의학과",,,127.37993093869,36.3541101762874
168,병원,01_01_01_P,3660000,PHMA220043660023021200004,2004-08-12,영업/정상,13,영업중,042-470-9000,,대전광역시 서구 둔산동 1136번지 대전대학교둔산캠퍼스,"대전광역시 서구 대덕대로176번길 75, 대전대학교둔산캠퍼스 (둔산동)",35235.0,대전대학교대전한방병원,2024-06-27 15:46,U,2024-06-29 02:40,한방병원,233980.0617,316257.3029,한방병원,73,52,127,14018.43,308 306 305 304 303 302 301 122 101,"내과, 가정의학과, 한방내과, 한방부인과, 한방소아과, 한방안·이비인후·피부과, 한방신경정신과, 한방재활의학과, 침구과",,,127.379533037643,36.3462940178575
169,병원,01_01_01_P,3660000,PHMA220153660023021200002,2015-02-26,영업/정상,13,영업중,1899-6075,,대전광역시 서구 정림동 716번지,"대전광역시 서구 계백로 1322 (정림동, 대청병원)",35403.0,대청병원,2025-01-15 13:25,U,2025-01-17 02:40,종합병원,233179.1293,312030.0678,종합병원,71,51,262,2443.58,402 122 119 116 115 113 110 109 106 105 104 102 101,"내과, 신경과, 외과, 정형외과, 신경외과, 마취통증의학과, 산부인과, 이비인후과, 비뇨의학과, 영상의학과, 진단검사의학과, 가정의학과, 구강악안면외과",,,127.370510687283,36.3082267126412
170,병원,01_01_01_P,3660000,PHMA220173660023021200001,2017-04-28,영업/정상,13,영업중,042-336-1000,,대전광역시 서구 월평동 282번지 3호,대전광역시 서구 청사로 128 (월평동),35220.0,필한방병원,2023-12-29 10:48,U,2023-12-31 02:40,한방병원,233843.0861,317690.6945,한방병원,22,24,70,2053.76,308 307 306 305 304 303 302 301 122,"가정의학과, 한방내과, 한방부인과, 한방소아과, 한방안·이비인후·피부과, 한방신경정신과, 한방재활의학과, 사상체질과, 침구과",,,127.377867625055,36.3594532915535
171,병원,01_01_01_P,3660000,PHMA220173660023021200004,2017-07-31,영업/정상,13,영업중,1566-9852,,대전광역시 서구 탄방동 664번지,대전광역시 서구 계룡로553번길 60 (탄방동),35262.0,다빈치병원,2023-12-19 11:36,U,2023-12-21 02:40,병원,234540.5407,316145.5333,병원,83,55,216,874.2,308 126 122 120 116 115 114 113 111 105 102 101,"내과, 신경과, 정형외과, 소아청소년과, 이비인후과, 피부과, 비뇨의학과, 영상의학과, 재활의학과, 가정의학과, 예방의학과, 침구과",,,127.385543808163,36.3455202224912
172,병원,01_01_01_P,3660000,PHMA220173660023021200005,2017-08-17,영업/정상,13,영업중,042-476-2580,,대전광역시 서구 탄방동 660,대전광역시 서구 계룡로553번길 72(탄방동),35262.0,탄탄병원,2025-01-07 10:45,U,2025-01-09 02:40,병원,234527.993,316215.9026,병원,15,21,71,4969.82,120 116 109 105 101,"내과, 정형외과, 마취통증의학과, 영상의학과, 재활의학과",,,127.385426480867,36.3461251094776
173,병원,01_01_01_P,3660000,PHMA220183660023021200001,2018-01-02,영업/정상,13,영업중,042-488-3653,,대전광역시 서구 둔산동 1163번지 백마빌딩,"대전광역시 서구 대덕대로 194, 백마빌딩 7~10층 (둔산동)",35234.0,글로벌삼육오엠씨병원,2024-12-22 10:03,U,2024-12-24 02:40,병원,233878.0813,316658.5708,병원,8,10,30,1294.82,122 114 109 108,"성형외과, 마취통증의학과, 피부과, 가정의학과",,,127.378187956852,36.3501505365073
174,병원,01_01_01_P,3660000,PHMA220183660023021200002,2018-02-02,영업/정상,13,영업중,042-1899-2955,,대전광역시 서구 탄방동 642번지,"대전광역시 서구 문정로48번길 70, 3,6층 (탄방동)",35262.0,탄방엠블병원,2024-03-12 10:35,U,2024-03-14 02:40,병원,234407.5948,315934.7871,병원,30,34,54,2066.2,114 113 111 101,"내과, 소아청소년과, 이비인후과, 피부과",,,,
175,병원,01_01_01_P,3660000,PHMA220163660023021200001,2016-05-16,영업/정상,13,영업중,042-528-6550,,대전광역시 서구 둔산동 1307,"대전광역시 서구 대덕대로242번길 48, 6~9층 (둔산동)",35233.0,마인드병원,2024-10-24 10:14,U,2024-10-26 02:40,정신병원,234239.2003,317098.5759,정신병원,5,21,116,2455.91,122 120 103 102 101,"내과, 신경과, 정신건강의학과, 재활의학과, 가정의학과",,,,
176,병원,01_01_01_P,3670000,PHMA219873670022021200001,1987-12-11,영업/정상,13,영업중,50714042872,,대전광역시 유성구 장대동 267-5,대전광역시 유성구 유성대로 721 (장대동),34173.0,의료법인 성전의료재단 온스타치과병원,2024-10-31 13:30,U,2024-11-02 02:40,치과병원,229724.8579,317549.5131,치과병원,1,0,0,2042.36,412 411 408 407 406 404 403,"치과보철과, 치과교정과, 치주과, 치과보존과, 구강내과, 예방치과, 통합치의학과",,,127.332055762532,36.3582623173114
177,병원,01_01_01_P,3670000,PHMA219943670022021200001,1994-06-16,영업/정상,13,영업중,042-823-9101,,대전광역시 유성구 학하동 682번지,대전광역시 유성구 진잠옛로135번길 87 (학하동),34206.0,대전광역시온마음병원,2025-01-10 11:14,U,2025-01-12 02:40,정신병원,227435.9441,314585.0458,정신병원,18,28,199,5412.94,103,정신건강의학과,,,127.306455674331,36.3319827109731
178,병원,01_01_01_P,3670000,PHMA219983670022021200002,1998-01-21,영업/정상,13,영업중,042-878-4772,,대전광역시 유성구 자운동 97번지,대전광역시 유성구 자운로 90 (자운동),34059.0,국군대전치과병원,2024-06-07 09:44,U,2024-06-09 02:40,치과병원,231289.82,322098.7822,치과병원,13,4,17,1115.69,408 407 406 404 403 402,"구강악안면외과, 치과보철과, 치과교정과, 치주과, 치과보존과, 구강내과",,,,
179,병원,01_01_01_P,3670000,PHMA220003670022021200001,2007-06-29,영업/정상,13,영업중,042-609-1000,,대전광역시 유성구 지족동 923번지,대전광역시 유성구 북유성대로 93 (지족동),34084.0,의료법인영훈의료재단유성선병원,2025-06-27 09:43,U,2025-06-29 02:40,종합병원,229083.3539,319411.9123,종합병원,495,120,387,51122.82,402 124 122 120 119 117 116 115 114 113 111 110 109 108 107 106 105 104 103 102 101,"내과, 신경과, 정신건강의학과, 외과, 정형외과, 신경외과, 심장혈관흉부외과, 성형외과, 마취통증의학과, 산부인과, 소아청소년과, 이비인후과, 피부과, 비뇨의학과, 영상의학과, 방사선종양학과, 진단검사의학과, 재활의학과, 가정의학과, 직업환경의학과, 구강악안면외과",,,127.324948755618,36.3751011899075
180,병원,01_01_01_P,3670000,PHMA220043670022021200001,2004-11-22,영업/정상,13,영업중,042-280-5000,,대전광역시 유성구 방현동 30번지,대전광역시 유성구 유성대로 1422 (방현동),34101.0,대전광역시립제1노인전문병원,2025-04-04 16:01,U,2025-04-06 02:40,요양병원(일반요양병원),233471.7243,322748.1413,요양병원(일반요양병원),28,58,290,7635.86,102 101 120 122 107 103 109 301,"내과, 신경과, 정신건강의학과, 심장혈관흉부외과, 마취통증의학과, 재활의학과, 가정의학과, 한방내과",,,127.373471574267,36.4051346426414
181,병원,01_01_01_P,3670000,PHMA220063670022021200001,2006-06-01,영업/정상,13,영업중,042-826-2882,305-150,"대전광역시 유성구 반석동 638번지 8호 2,3층",대전광역시 유성구 반석로 24 (반석동),34068.0,에이스마일치과병원,2014-12-01 13:29,I,2018-08-31 23:59,치과병원,227923.3556,321248.8281,치과병원,5,0,0,470.45,101 202,"내과, 치과보철과",,,127.312043894802,36.3917259894832
182,병원,01_01_01_P,3670000,PHMA220063670022021200002,2006-11-22,영업/정상,13,영업중,042-826-2772,,,대전광역시 유성구 한밭대로492번길 26-30 (봉명동),34184.0,대전연세요양병원,2025-03-20 17:28,U,2025-03-22 02:40,요양병원(일반요양병원),231422.426,317610.8846,요양병원(일반요양병원),22,34,199,3981.26,301 122 120 106 105 104 102 101,"내과, 신경과, 외과, 정형외과, 신경외과, 재활의학과, 가정의학과, 한방내과",,,127.350888161025,36.3587939908248
183,병원,01_01_01_P,3670000,PHMA220073670022021200001,2007-04-27,영업/정상,13,영업중,042-717-7575,,대전광역시 유성구 봉명동 678번지 3호,대전광역시 유성구 문화원로146번길 7-24 (봉명동),34185.0,사회복지법인성화 대전재활병원,2024-03-04 14:04,U,2024-03-06 02:40,병원,231587.4457,317431.8949,병원,90,50,209,7697.88,304 120 102 101,"내과, 신경과, 재활의학과, 한방안·이비인후·피부과",,,127.352712265591,36.3571906572547
184,병원,01_01_01_P,3670000,PHMA220073670022021200002,2007-08-07,영업/정상,13,영업중,042-824-6900,,대전광역시 유성구 봉명동 541-18 유성웰니스재활전문병원,"대전광역시 유성구 온천동로 15, 유성웰니스재활전문병원 (봉명동)",34187.0,의료법인 리노의료재단 유성웰니스재활병원,2025-05-20 18:02,U,2025-05-22 02:40,병원,231242.2227,317019.8248,병원,53,129,418,27359.21,301 120 116 109 102 101,"내과, 신경과, 마취통증의학과, 영상의학과, 재활의학과, 한방내과",,,127.348598625496,36.3534596081473
185,병원,01_01_01_P,3660000,PHMA219973660023021200001,1997-11-10,영업/정상,13,영업중,042-582-9700,,대전광역시 서구 장안동 513-1,대전광역시 서구 삼보실길 123 (장안동),35428.0,한마음정신병원,2023-04-20 17:43,U,2023-07-14 02:40,정신병원,229975.7285,302696.3543,정신병원,10,49,222,4504.2,103,정신건강의학과,,,127.334602692132,36.2239914091706
186,병원,01_01_01_P,3660000,PHMA219993660023021200001,1999-11-20,영업/정상,13,영업중,042-600-9999,,대전광역시 서구 관저동 1643번지 건양대학교병원,"대전광역시 서구 관저동로 158, 건양대학교병원 (관저동)",35365.0,학교법인 건양교육재단 건양대학교병원,2025-03-31 13:53,U,2025-04-02 02:40,종합병원,230748.3193,311849.7439,종합병원,893,289,805,109753.81,402 125 123 122 120 119 118 117 116 115 114 113 112 111 110 109 108 107 106 105 104 103 102 101,"내과, 신경과, 정신건강의학과, 외과, 정형외과, 신경외과, 심장혈관흉부외과, 성형외과, 마취통증의학과, 산부인과, 소아청소년과, 안과, 이비인후과, 피부과, 비뇨의학과, 영상의학과, 방사선종양학과, 병리과, 진단검사의학과, 재활의학과, 가정의학과, 핵의학과, 응급의학과, 구강악안면외과",,,127.342646778061,36.3077818180786
187,병원,01_01_01_P,3660000,PHMA220013660023021200001,2001-10-18,영업/정상,13,영업중,042-476-9000,,대전광역시 서구 둔산동 963,"대전광역시 서구 둔산북로 36, 3,4,5층 (둔산동)",35229.0,에스앤케이병원,2023-12-19 17:38,U,2023-12-21 02:40,병원,233890.4117,317246.1414,병원,7,35,147,4482.76,116 114 109 106 105 104 102 101,"내과, 신경과, 외과, 정형외과, 신경외과, 마취통증의학과, 피부과, 영상의학과",,,,
188,병원,01_01_01_P,3660000,PHMA220033660023021200002,2003-10-06,영업/정상,13,영업중,042-485-2235,,대전광역시 서구 탄방동 672,대전광역시 서구 계룡로553번길 18 (탄방동),35262.0,조이병원,2025-02-17 14:39,U,2025-02-19 02:40,병원,234539.8863,315939.7731,병원,28,31,40,2962.74,111 113 114,"소아청소년과, 이비인후과, 피부과",,,127.385469906197,36.3436349310268
189,병원,01_01_01_P,3660000,PHMA220033660023021200003,2003-12-30,영업/정상,13,영업중,042-1577-0052,,"대전광역시 서구 탄방동 642 2,7,8,9,10층","대전광역시 서구 문정로48번길 70, 2,7,8,9,10층 (탄방동)",35262.0,대전우리병원,2025-06-20 09:40,U,2025-06-22 02:40,병원,234407.5948,315934.7871,병원,109,33,151,6085.16,122 116 109 106 105 101,"내과, 정형외과, 신경외과, 마취통증의학과, 영상의학과, 가정의학과",,,,
190,병원,01_01_01_P,3660000,PHMA220043660023021200001,2004-04-19,영업/정상,13,영업중,042-611-3000,,대전광역시 서구 둔산동 1306,대전광역시 서구 둔산서로 95 (둔산동),35233.0,학교법인을지학원대전을지대학교병원,2025-05-07 09:24,U,2025-05-09 02:40,종합병원,234214.9467,317204.7218,종합병원,916,213,717,79725.8,402 125 123 122 120 119 118 117 116 115 114 113 112 111 110 109 108 107 106 105 104 103 102 101,"내과, 신경과, 정신건강의학과, 외과, 정형외과, 신경외과, 심장혈관흉부외과, 성형외과, 마취통증의학과, 산부인과, 소아청소년과, 안과, 이비인후과, 피부과, 비뇨의학과, 영상의학과, 방사선종양학과, 병리과, 진단검사의학과, 재활의학과, 가정의학과, 핵의학과, 응급의학과, 구강악안면외과",,,127.381988014504,36.3553005576442
191,병원,01_01_01_P,3670000,PHMA219983670022021200001,1998-01-21,영업/정상,13,영업중,042-878-4269,,대전광역시 유성구 자운동 97번지,대전광역시 유성구 자운로 90 (자운동),34059.0,국군대전병원,2025-06-02 09:14,U,2025-06-04 02:40,병원,231289.82,322098.7822,병원,118,147,446,32735.99,126 125 124 120 119 116 115 114 113 112 110 109 108 107 106 105 104 103 102 101,"내과, 신경과, 정신건강의학과, 외과, 정형외과, 신경외과, 심장혈관흉부외과, 성형외과, 마취통증의학과, 산부인과, 안과, 이비인후과, 피부과, 비뇨의학과, 영상의학과, 진단검사의학과, 재활의학과, 직업환경의학과, 응급의학과, 예방의학과",,,,
192,병원,01_01_01_P,3670000,PHMA220133670022021200001,2016-07-11,영업/정상,13,영업중,042-823-1785,,대전광역시 유성구 지족동 987번지 1호,"대전광역시 유성구 지족로364번길 19 (지족동, 성훈프라자 2~3층)",34077.0,벤조인요양병원,2021-11-23 09:58,U,2021-11-25 02:40,요양병원(일반요양병원),228457.0641,320632.8108,요양병원(일반요양병원),7,11,68,948.71,301 305 306 308,"한방내과, 한방신경정신과, 한방재활의학과, 침구과",,,127.317963263089,36.386149072484
193,병원,01_01_01_P,3670000,PHMA220163670022021200001,2016-04-25,영업/정상,13,영업중,042522-8275,,,"대전광역시 유성구 계룡로 81 (봉명동, (봉명동))",34168.0,비엔피병원,2025-06-30 10:55,U,2025-07-02 02:40,병원,230441.0267,317136.1355,병원,15,9,30,2009.64,,,,,127.339903593635,36.3544922624232
194,병원,01_01_01_P,3670000,PHMA220163670022021200002,2016-06-30,영업/정상,13,영업중,042-829-0000,,,"대전광역시 유성구 계룡로 150, 6~7층 (봉명동,승호빌딩)",0.0,코젤병원,2024-03-04 11:25,U,2024-03-06 02:40,병원,231065.7678,316829.1409,병원,24,32,60,1863.0,111,소아청소년과,,,,
195,병원,01_01_01_P,3670000,PHMA220173670022021200001,2017-10-23,영업/정상,13,영업중,042-821-0000,,,"대전광역시 유성구 계룡로 126, 2~6층 (봉명동)",34188.0,미즈제일여성병원,2024-03-04 13:10,U,2024-03-06 02:40,병원,230824.5804,316909.7378,병원,1,40,58,4467.3,122 115 114 113 111 110 109 104 101,"내과, 외과, 마취통증의학과, 산부인과, 소아청소년과, 이비인후과, 피부과, 비뇨의학과, 가정의학과",,,,
196,병원,01_01_01_P,3670000,PHMA220183670022021200001,2018-03-28,영업/정상,13,영업중,1670-0100,,,"대전광역시 유성구 계룡로 114-0, 5~6층 (봉명동,대전유성BYC빌딩)",34188.0,대전본병원,2024-03-13 11:04,U,2024-03-15 02:40,병원,230714.335,316925.7013,병원,49,21,73,653.1,116 109 106 105 101,"내과, 정형외과, 신경외과, 마취통증의학과, 영상의학과",,,127.342974158635,36.3526651864964
197,병원,01_01_01_P,3660000,PHMA220083660023021200006,2008-12-30,영업/정상,13,영업중,528-0001,302-807,대전광역시 서구 갈마동 393번지 1호,대전광역시 서구 신갈마로 126 (갈마동),35281.0,의료법인 지덕사의료재단 양녕요양병원,2024-11-14 11:17,U,2024-11-16 02:40,요양병원(일반요양병원),233036.5832,316043.718,요양병원(일반요양병원),31,36,196,4613.56,104 102 120 122 106 105 101 110,"내과, 신경과, 외과, 정형외과, 신경외과, 산부인과, 재활의학과, 가정의학과",,,127.368792355303,36.3447486965996
198,병원,01_01_01_P,3660000,PHMA219953660023021200001,1995-12-12,영업/정상,13,영업중,042-536-0911,,대전광역시 서구 탄방동 83-12,대전광역시 서구 계룡로 619 (탄방동),35264.0,연합정형외과병원,2024-11-14 15:27,U,2024-11-16 02:40,병원,235089.6722,315544.37,병원,24,26,78,3778.0,106 105 122 109 104 116,"외과, 정형외과, 신경외과, 마취통증의학과, 영상의학과, 가정의학과",,,127.391649343868,36.3400699736945
199,병원,01_01_01_P,3660000,PHMA220073660023021200002,2007-03-12,영업/정상,13,영업중,042-366-1114,,대전광역시 서구 둔산동 1268,대전광역시 서구 둔산로 77 (둔산동),35233.0,원광대학교 대전치과병원,2024-06-07 09:01,U,2024-06-09 02:40,치과병원,234268.8962,316816.3428,치과병원,62,4,11,6339.51,201 409 207 202 407 405 203 205 209 109,"마취통증의학과, 구강악안면외과, 치과보철과, 치과교정과, 치주과, 구강내과, 구강병리과, 소아치과, 치과보존과, 영상치의학과",,,127.382413381207,36.3515652708928
200,병원,01_01_01_P,3660000,PHMA220073660023021200004,2007-05-01,영업/정상,13,영업중,042-478-9914,,대전광역시 서구 둔산동 1141,대전광역시 서구 계룡로491번길 8 (둔산동),35235.0,의료법인대전참사랑의료재단대전참사랑요양병원,2025-06-24 11:23,U,2025-06-26 02:40,요양병원(일반요양병원),234062.5248,316149.4809,요양병원(일반요양병원),42,27,150,2538.65,301 122 120 102 101,"내과, 신경과, 재활의학과, 가정의학과, 한방내과",,,127.38025143914,36.3455374500729
201,병원,01_01_01_P,3670000,PHMA220083670022021200001,2008-08-05,영업/정상,13,영업중,042-671-5300,,대전광역시 유성구 용산동 567번지,대전광역시 유성구 테크노7로 31 (용산동),34028.0,대전테크노요양병원,2019-07-09 09:55,U,2019-07-11 02:40,요양병원(일반요양병원),235869.2023,324924.4159,요양병원(일반요양병원),14,24,130,2322.63,101 122 105 104 120 301,"내과, 외과, 정형외과, 재활의학과, 가정의학과, 한방내과",,,127.400794696932,36.4245746694839
202,병원,01_01_01_P,3670000,PHMA220083670022021200002,2008-09-09,영업/정상,13,영업중,820-1234,,대전광역시 유성구 봉명동 629번지5.6호,대전광역시 유성구 온천북로33번길 21-32 (봉명동),34185.0,사)성재원성세병원,2020-06-18 17:09,U,2020-06-20 02:40,병원,230917.6671,317487.5689,병원,8,23,71,2651.21,101 120 122 111 105 102 301 401,"내과, 신경과, 정형외과, 소아청소년과, 재활의학과, 가정의학과, 한방내과, 치과",,,127.345256079217,36.3577297987891
203,병원,01_01_01_P,3670000,PHMA220103670022021200001,2010-05-10,영업/정상,13,영업중,042-611-9000,305-301,대전광역시 유성구 봉명동 694번지 6호,대전광역시 유성구 온천동로 43 (봉명동),34186.0,의)밝은마음의료재단유성한가족요양병원,2024-12-13 11:20,U,2024-12-15 02:40,요양병원(일반요양병원),231400.7198,317228.8421,요양병원(일반요양병원),64,65,242,8481.12,308 307 301 122 120 116 114 111 102 101,"내과, 신경과, 소아청소년과, 피부과, 영상의학과, 재활의학과, 가정의학과, 한방내과, 사상체질과, 침구과",,,127.350659538596,36.3553668632141
204,병원,01_01_01_P,3670000,PHMA220103670022021200003,2010-05-17,영업/정상,13,영업중,042-820-9999,305-358,대전광역시 유성구 하기동 533번지 2호,대전광역시 유성구 송림로 58 (하기동),34098.0,의료법인고운손의료재단고운마음요양병원,2024-08-08 10:16,U,2024-08-10 02:40,요양병원(일반요양병원),229017.4207,320705.2269,요양병원(일반요양병원),18,44,222,4299.78,301 122 105 102 101,"내과, 신경과, 정형외과, 가정의학과, 한방내과",,,127.324213913348,36.3867772387333
205,병원,01_01_01_P,3670000,PHMA220123670022021200002,2012-11-21,영업/정상,13,영업중,042-1899-3275,,대전광역시 유성구 원신흥동 559번지 2호 MBL빌딩,"대전광역시 유성구 원신흥남로12번길 8-10, MBL빌딩 2층202호,3~7층 (원신흥동)",34195.0,엠블병원,2025-01-06 14:18,U,2025-01-08 02:40,병원,230315.7639,314736.3281,병원,40,42,66,3035.08,111,소아청소년과,,,127.338445563895,36.3329424951252
206,병원,01_01_01_P,3660000,PHMA220203660023021200003,2020-09-29,영업/정상,13,영업중,042-532-1000,,대전광역시 서구 갈마동 343-54 해상수산,"대전광역시 서구 계룡로 398, 해상수산 3층 (갈마동)",35270.0,보강한방병원,2025-03-20 19:27,U,2025-03-22 02:40,한방병원,233322.7056,316704.9417,한방병원,11,12,35,1212.41,308 306 304 303 302 301 120,"재활의학과, 한방내과, 한방부인과, 한방소아과, 한방안·이비인후·피부과, 한방재활의학과, 침구과",,,127.371871484938,36.3506851114481
207,병원,01_01_01_P,3660000,PHMA220203660023021200004,2020-10-26,영업/정상,13,영업중,042-536-5000,,대전광역시 서구 탄방동 91-8 GOLD BANK gold,"대전광역시 서구 계룡로 595, GOLD BANK gold 5~8층 (탄방동)",35264.0,리치한방병원,2025-01-20 17:49,U,2025-01-22 02:40,한방병원,234905.9988,315723.2839,한방병원,20,26,80,2885.59,308 306 304 303 302 301 101,"내과, 한방내과, 한방부인과, 한방소아과, 한방안·이비인후·피부과, 한방재활의학과, 침구과",,,127.389746366954,36.3416551454954
208,병원,01_01_01_P,3640000,PHMA220253640023021200002,2025-05-08,영업/정상,13,영업중,042-323-1100,,,"대전광역시 동구 산내로 267-1, 1동 (하소동,백년요양병원)",34712.0,백년요양병원,2025-06-13 13:31,U,2025-06-16 02:40,요양병원(일반요양병원),,,요양병원(일반요양병원),6,31,87,2985.56,308 307 306 304 302 301 122 120 115 114 113 109 102 101,"내과, 신경과, 마취통증의학과, 이비인후과, 피부과, 비뇨의학과, 재활의학과, 가정의학과, 한방내과, 한방부인과, 한방안·이비인후·피부과, 한방재활의학과, 사상체질과, 침구과",,,127.439070922924,36.2103539695807
209,병원,01_01_01_P,3640000,PHMA220253640023021200001,2025-04-24,영업/정상,13,영업중,042-721-8844,,,"대전광역시 동구 동서대로 1722-0, 201,313호 (가양동,힐스테이트가양더와이즈)",34573.0,이안병원,2025-05-16 15:41,U,2025-05-18 02:40,병원,,,병원,12,30,47,1430.08,111 101,"내과, 소아청소년과",,,,
210,병원,01_01_01_P,3670000,PHMA220183670022021200002,2018-12-12,영업/정상,13,영업중,042-520-0000,,대전광역시 유성구 원내동 802번지,대전광역시 유성구 계백로 927 (원내동),34223.0,대전코젤병원,2025-01-09 13:47,U,2025-01-11 02:40,병원,229263.3416,311220.7031,병원,26,41,68,3602.75,111,소아청소년과,,,127.326577245502,36.3009327414118
211,병원,01_01_01_P,3650000,PHMA220233650023021200001,2023-11-06,영업/정상,13,영업중,042-337-0300,,대전광역시 중구 선화동 115-5,대전광역시 중구 대종로 608 (선화동),34829.0,청춘병원,2025-06-20 10:45,U,2025-06-22 02:40,병원,237393.2301,315087.6866,병원,38,40,149,11209.97,122 120 116 102,"신경과, 영상의학과, 재활의학과, 가정의학과",,,127.417368115348,36.3359359229465
212,병원,01_01_01_P,6300000,200663000002000000 ,2006-08-28,영업/정상,BBBB,,426241190,,,"대전광역시 대덕구 한밭대로 1150- ,  (중리동)층 (중리동)",,한남요양병원,2025-06-20 13:05,U,2025-06-22 02:40,요양병원(일반요양병원),,,,21,33,159,2729.37,,,,,127.426279761173,36.3585833220255
213,병원,01_01_01_P,6300000,199963000002000000 ,1999-11-20,영업/정상,BBBB,,426009999,,,"대전광역시 서구 관저동로 158- , (관저동)층 (관저동)",,학교법인 건양교육재단 건양대학교병원,2025-06-20 13:07,U,2025-06-22 02:40,종합병원,,,,1080,311,910,109753.81,,,,,127.342646778061,36.3077818180786
214,병원,01_01_01_P,6300000,200463000002000000 ,2004-03-16,영업/정상,BBBB,,426061000,,,"대전광역시 동구 동서대로 1672- ,  (성남동)층 (성남동)",,대전한국병원,2025-06-30 09:45,U,2025-07-02 02:40,종합병원,,,의사,264,77,285,16108.36,,,,,127.43583507554,36.3481758122459
215,병원,01_01_01_P,6300000,201763000002000000 ,2017-04-28,영업/정상,BBBB,,423361000,,,"대전광역시 서구 청사로 128- ,  (월평동)층 (월평동)",,필한방병원,2025-06-13 13:14,U,2025-06-15 02:40,한방병원,,,한의사,34,25,78,2053.76,,,,,127.377867625055,36.3594532915535
216,병원,01_01_01_P,6300000,198463000002000000 ,1984-11-05,영업/정상,BBBB,,4215997123,,,"대전광역시 중구 문화로 282- , (대사동)층 (대사동)",,충남대학교병원,2025-06-30 09:45,U,2025-07-02 02:40,종합병원,,,의사,1927,399,1481,106594.0,,,,,127.415303889582,36.3168435594497
217,병원,01_01_01_P,6300000,198063000002000000 ,1980-05-15,영업/정상,BBBB,,422209114,,,"대전광역시 중구 대흥로 64- , (대흥동)층 (대흥동)",,학교법인 가톨릭학원 가톨릭대학교 대전성모병원,2025-06-20 13:05,U,2025-06-22 02:40,종합병원,,,,847,176,654,32918.31,,,,,127.420211690552,36.3219928632375
218,병원,01_01_01_P,6300000,198163000002000000 ,1981-03-05,영업/정상,BBBB,,426113000,,,"대전광역시 서구 둔산서로 95- , (둔산동)층 (둔산동)",,학교법인 을지학원 대전을지대학교병원,2025-06-20 13:05,U,2025-06-22 02:40,종합병원,,,의사,995,248,808,79725.8,,,,,127.381988014504,36.3553005576442
219,병원,01_01_01_P,6300000,201963000002000000 ,2019-02-26,영업/정상,BBBB,,425820075,,,"대전광역시 중구 계백로 1546-0, 대전중부새마을금고층 (유천동)",,중부요양병원,2025-06-13 13:10,U,2025-06-15 02:40,요양병원(일반요양병원),235128.5606,312946.09,의사,31,41,210,4482.33,,,,,127.39196546875,36.316678504296
220,병원,01_01_01_P,6300000,202063000002000000 ,2020-03-16,영업/정상,BBBB,,425818276,,,"대전광역시 중구 계백로 1625-0,  2,3,6층 (유천동,벽산빌딩)층 (유천동)",,왕조걸한방병원,2025-06-30 09:47,U,2025-07-02 02:40,한방병원,235877.025,313254.2855,,18,41,68,3078.21,,,,,,
221,병원,01_01_01_P,6300000,200763000002000000 ,2007-05-02,영업/정상,BBBB,,424789914,,,"대전광역시 서구 계룡로491번길 8-0, 갤러리빌4차층 (둔산동)",,의료법인 참사랑의료재단 대전참사랑요양병원,2025-06-22 18:29,U,2025-06-24 02:40,요양병원(일반요양병원),234062.5248,316149.4809,,39,28,156,2884.07,,,,,127.38025143914,36.3455374500729
222,병원,01_01_01_P,6300000,198263000002000000 ,1982-06-30,영업/정상,BBBB,,422208114,,,"대전광역시 중구 목중로 29- , (목동)층 (목동)",,의료법인 영훈의료재단 대전선병원,2025-06-30 09:45,U,2025-07-02 02:40,종합병원,,,의사,438,106,378,28352.36,,,,,127.410419737647,36.3359392589547
223,병원,01_01_01_P,6300000,200763000002000000 ,2007-03-12,영업/정상,BBBB,,423661114,,,"대전광역시 서구 둔산로 77-0,  (둔산동)층 (둔산동)",,원광대학교 대전치과병원,2025-03-21 16:27,U,2025-03-23 02:40,치과병원,234268.8962,316816.3428,,55,7,14,6339.51,,,,,127.382413381207,36.3515652708928
224,병원,01_01_01_P,6300000,201063000002000000 ,2010-02-09,영업/정상,BBBB,,425226000,,,"대전광역시 중구 유천로 76-0,  (유천동)층 (유천동)",,의료법인대전석천의료재단 섬김요양병원,2025-06-20 13:06,U,2025-06-22 02:40,요양병원(일반요양병원),235635.2576,313235.3932,,19,23,150,2682.24,,,,,127.397444898506,36.3193026695997
225,병원,01_01_01_P,6300000,200763000002000000 ,2012-08-31,영업/정상,BBBB,,426310100,,,"대전광역시 동구 우암로 159- , 159층 (성남동)",,부모사랑요양병원,2025-06-30 09:47,U,2025-07-02 02:40,요양병원(일반요양병원),,,의사,15,15,120,3212.0,,,,,127.435050357765,36.3406233187757
226,병원,01_01_01_P,6300000,200763000002000000 ,2007-06-29,영업/정상,BBBB,,426091000,,,"대전광역시 유성구 북유성대로 93-0,  0동 0호 (지족동,유선성병원)층 (지족동)",,의료법인영훈의료재단 유성선병원,2025-06-30 09:47,U,2025-07-02 02:40,종합병원,229083.3539,319411.9123,의사,568,139,451,51122.82,,,,,127.324948755618,36.3751011899075
227,병원,01_01_01_P,6300000,200763000002000000 ,2007-11-13,영업/정상,BBBB,,422249999,,,"대전광역시 중구 계룡로 943- , (대사동)층 (대사동)",,의료법인 대전세진의료재단 은혜요양병원,2025-06-20 13:05,U,2025-06-22 02:40,요양병원(일반요양병원),,,,27,22,135,2659.41,,,,,127.416978870868,36.3192630705165
228,병원,01_01_01_P,6300000,200863000002000000 ,2008-01-03,영업/정상,BBBB,,424720129,,,"대전광역시 서구 대덕대로317번길 26- ,  (월평동)층 (월평동)",,의료법인 선사인혜요양병원,2025-06-20 13:05,U,2025-06-22 02:40,요양병원(일반요양병원),,,,16,20,104,2016.87,,,,,127.377910585962,36.3613104743394
229,병원,01_01_01_P,6300000,200663000002000000 ,2006-12-13,영업/정상,BBBB,,422420875,,,"대전광역시 중구 중교로 39-0,  (대흥동)층 (대흥동)",,의료법인 한일의료재단 패밀리요양병원,2025-06-20 13:04,U,2025-06-22 02:40,요양병원(일반요양병원),237991.2995,313966.8677,,20,25,141,3486.06,,,,,127.424097598146,36.325652969688
230,병원,01_01_01_P,6300000,200463000002000000 ,2004-11-22,영업/정상,BBBB,,422805000,,,"대전광역시 유성구 유성대로 1422- , 1422층 (방현동)",,대전광역시립제1노인전문병원,2025-06-30 09:44,U,2025-07-02 02:40,요양병원(일반요양병원),,,,56,59,297,7635.86,,,,,,
231,병원,01_01_01_P,6300000,200563000002000000 ,2006-07-21,영업/정상,BBBB,,426701200,,,"대전광역시 동구 계족로 189- ,  (대동)층 (대동)",,대전기독요양병원,2025-06-13 13:14,U,2025-06-15 02:40,요양병원(일반요양병원),,,의사,19,32,152,2643.64,,,,,127.441708753516,36.3301642777151
232,병원,01_01_01_P,6300000,202463000002000000 ,2024-10-18,영업/정상,BBBB,,423311005,,,"대전광역시 동구 옥천로 153-0,  1동 (판암동,고래한방병원2층5흥6층)층 (판암동)",,판암고래한방병원,2025-06-30 09:45,U,2025-07-02 02:40,한방병원,,,,19,20,54,1254.81,,,,,127.457438854677,36.3172860571862
233,병원,01_01_01_P,6300000,198763000002000000 ,1987-12-11,영업/정상,BBBB,,428222872,,,"대전광역시 유성구 유성대로 721-0,  (장대동)층 (장대동)",,의료법인 성전의료재단 온스타치과병원,2025-05-07 09:12,U,2025-05-09 02:40,치과병원,229724.8579,317549.5131,,2,0,0,2042.36,,,,,127.332055762532,36.3582623173114
234,병원,01_01_01_P,6300000,201463000002000000 ,2014-04-07,영업/정상,BBBB,,424849898,,,"대전광역시 서구 대덕대로 238-0,  4,5,6층 (둔산동)층 (둔산동)",,써지탑병원,2025-04-07 16:31,U,2025-04-09 02:40,병원,234034.877,317098.2499,의사,31,20,93,2038.0,,,,,,
235,병원,01_01_01_P,6300000,200363000002000000 ,2003-12-30,영업/정상,BBBB,,4215770052,,,"대전광역시 서구 문정로48번길 70- ,  (탄방동)층 (탄방동)",,대전우리병원,2025-06-13 17:55,U,2025-06-15 02:40,병원,,,의사,175,40,169,6085.16,,,,,127.384045353987,36.3436480786714
236,병원,01_01_01_P,6300000,200863000002000000 ,2008-08-22,영업/정상,BBBB,,424849300,,,"대전광역시 서구 계룡로 568-0,  4,5,6층 (괴정동,삼영빌딩)층 (괴정동)",,의료법인삼영의료재단 둔산병원,2025-06-30 09:45,U,2025-07-02 02:40,병원,234643.9153,315735.2789,,9,14,49,3289.38,,,,,,
237,병원,01_01_01_P,6300000,200863000002000000 ,2008-08-01,영업/정상,BBBB,,425370222,,,"대전광역시 서구 도산로 351- ,  (용문동)층 (용문동)",,가톨릭병원,2025-06-13 13:12,U,2025-06-15 02:40,병원,,,의사,65,33,136,3277.93,,,,,127.390340984894,36.336411782897
238,병원,01_01_01_P,6300000,200363000002000000 ,2003-10-06,영업/정상,BBBB,,424852235,,,"대전광역시 서구 계룡로553번길 18- ,  (탄방동)층 (탄방동)",,조이병원,2025-06-13 13:13,U,2025-06-15 02:40,병원,,,의사,32,31,54,2962.74,,,,,127.385469906197,36.3436349310268
239,병원,01_01_01_P,6300000,199763000002000000 ,2012-08-31,영업/정상,BBBB,,422222921,,,"대전광역시 중구 중교로 32- ,  (대흥동)층 (대흥동)",,의료법인 의명의료재단 마음편한병원,2025-06-13 13:14,U,2025-06-15 02:40,정신병원,,,,37,71,299,6301.5,,,,,127.423520817568,36.3250346443222
240,병원,01_01_01_P,6300000,199863000002000000 ,1998-01-21,영업/정상,BBBB,,428784255,,,"대전광역시 유성구 자운로 90-0,  (자운동)층 (자운동)",,국군대전병원,2025-05-28 10:55,U,2025-05-30 02:40,병원,231289.82,322098.7822,,190,152,487,33059.99,,,,,,
241,병원,01_01_01_P,6300000,201663000002000000 ,2016-05-16,영업/정상,BBBB,,425286550,,,"대전광역시 서구 대덕대로242번길 48-0,  6~9층 (둔산동)층 (둔산동)",,마인드병원,2025-06-13 13:14,U,2025-06-15 02:40,정신병원,234239.2003,317098.5759,의사,9,21,116,2455.91,,,,,,
242,병원,01_01_01_P,6300000,201763000002000000 ,2017-07-31,영업/정상,BBBB,,4215669852,,,"대전광역시 서구 계룡로553번길 60- ,  (탄방동)층 (탄방동)",,다빈치병원,2025-06-13 13:14,U,2025-06-15 02:40,병원,,,의사,108,56,237,7765.62,,,,,127.385543808163,36.3455202224912
243,병원,01_01_01_P,6300000,201763000002000000 ,2017-08-17,영업/정상,BBBB,,424760001,,,"대전광역시 서구 계룡로553번길 72-0,  (탄방동)층 (탄방동)",,탄탄병원,2025-06-20 13:04,U,2025-06-22 02:40,병원,234527.993,316215.9026,의사,61,29,92,4969.82,,,,,127.385426480867,36.3461251094776
244,병원,01_01_01_P,6300000,201863000002000000 ,2018-08-01,영업/정상,BBBB,,427191199,,,"대전광역시 서구 둔산남로 87-0,  (둔산동)층 (둔산동)",,마라톤정형외과병원,2025-06-13 13:13,U,2025-06-15 02:40,병원,234704.8204,316567.931,의사,56,32,101,2813.98,,,,,127.387416663153,36.349309194496
245,병원,01_01_01_P,6300000,201963000002000000 ,2019-07-18,영업/정상,BBBB,,426071234,,,"대전광역시 유성구 온천동로 43-0, 본관지하1~3층,9층/신관2~3층층 (봉명동)",,의료법인 밝은마음의료재단 워크런재활병원,2025-06-30 09:47,U,2025-07-02 02:40,병원,231400.7198,317228.8421,,50,32,132,4222.95,,,,,127.350659538596,36.3553668632141
